MonthLab,Year,Elevation..ft.,Rel_comp,Month
JAN,1932,4482.805,-6.24,1
FEB,1932,4483.505,-5.54,2
MAR,1932,4484.005,-5.04,3
APR,1932,4484.205,-4.84,4
MAY,1932,4483.905,-5.14,5
JUN,1932,4483.005,-6.04,6
JUL,1932,4482.005,-7.04,7
AUG,1932,4481.505,-7.54,8
SEP,1932,4481.205,-7.84,9
OCT,1932,4481.405,-7.64,10
NOV,1932,4481.805,-7.24,11
DEC,1932,4482.705,-6.34,12
JAN,1933,4482.805,-6.24,1
FEB,1933,4483.505,-5.54,2
MAR,1933,4484.005,-5.04,3
APR,1933,4483.905,-5.14,4
MAY,1933,4483.505,-5.54,5
JUN,1933,4482.505,-6.54,6
JUL,1933,4481.405,-7.64,7
AUG,1933,4480.805,-8.24,8
SEP,1933,4480.405,-8.64,9
OCT,1933,4480.405,-8.64,10
NOV,1933,4480.805,-8.24,11
DEC,1933,4482.205,-6.84,12
JAN,1934,4481.905,-7.14,1
FEB,1934,4482.305,-6.74,2
MAR,1934,4482.105,-6.94,3
APR,1934,4481.305,-7.74,4
MAY,1934,4480.505,-8.54,5
JUN,1934,4479.905,-9.14,6
JUL,1934,4479.305,-9.74,7
AUG,1934,4478.405,-10.64,8
SEP,1934,4477.605,-11.44,9
OCT,1934,4477.805,-11.24,10
NOV,1934,4478.405,-10.64,11
DEC,1934,4480.205,-8.84,12
JAN,1935,4479.805,-9.24,1
FEB,1935,4480.105,-8.94,2
MAR,1935,4480.305,-8.74,3
APR,1935,4480.305,-8.74,4
MAY,1935,4480.205,-8.84,5
JUN,1935,4479.305,-9.74,6
JUL,1935,4478.205,-10.84,7
AUG,1935,4477.405,-11.64,8
SEP,1935,4477.205,-11.84,9
OCT,1935,4477.505,-11.54,10
NOV,1935,4478.105,-10.94,11
DEC,1935,4479.105,-9.94,12
JAN,1936,4479.705,-9.34,1
FEB,1936,4480.405,-8.64,2
MAR,1936,4481.105,-7.94,3
APR,1936,4481.705,-7.34,4
MAY,1936,4481.705,-7.34,5
JUN,1936,4481.005,-8.04,6
JUL,1936,4480.305,-8.74,7
AUG,1936,4479.705,-9.34,8
SEP,1936,4479.305,-9.74,9
OCT,1936,4479.805,-9.24,10
NOV,1936,4480.505,-8.54,11
DEC,1936,4480.405,-8.64,12
JAN,1937,4481.905,-7.14,1
FEB,1937,4482.705,-6.34,2
MAR,1937,4483.405,-5.64,3
APR,1937,4483.805,-5.24,4
MAY,1937,4483.705,-5.34,5
JUN,1937,4483.105,-5.94,6
JUL,1937,4482.205,-6.84,7
AUG,1937,4481.305,-7.74,8
SEP,1937,4481.105,-7.94,9
OCT,1937,4481.505,-7.54,10
NOV,1937,4482.105,-6.94,11
DEC,1937,4482.405,-6.64,12
JAN,1938,4483.205,-5.84,1
FEB,1938,4483.905,-5.14,2
MAR,1938,4484.505,-4.54,3
APR,1938,4485.055,-3.99,4
MAY,1938,4484.905,-4.14,5
JUN,1938,4484.105,-4.94,6
JUL,1938,4483.105,-5.94,7
AUG,1938,4482.205,-6.84,8
SEP,1938,4481.805,-7.24,9
OCT,1938,4482.205,-6.84,10
NOV,1938,4482.905,-6.14,11
DEC,1938,4483.405,-5.64,12
JAN,1939,4484.105,-4.94,1
FEB,1939,4484.705,-4.34,2
MAR,1939,4485.305,-3.74,3
APR,1939,4484.805,-4.24,4
MAY,1939,4484.105,-4.94,5
JUN,1939,4483.105,-5.94,6
JUL,1939,4482.105,-6.94,7
AUG,1939,4481.405,-7.64,8
SEP,1939,4481.305,-7.74,9
OCT,1939,4481.405,-7.64,10
NOV,1939,4481.705,-7.34,11
DEC,1939,4483.205,-5.84,12
JAN,1940,4483.105,-5.94,1
FEB,1940,4483.705,-5.34,2
MAR,1940,4484.105,-4.94,3
APR,1940,4483.805,-5.24,4
MAY,1940,4482.805,-6.24,5
JUN,1940,4481.705,-7.34,6
JUL,1940,4480.505,-8.54,7
AUG,1940,4479.805,-9.24,8
SEP,1940,4479.505,-9.54,9
OCT,1940,4479.805,-9.24,10
NOV,1940,4480.305,-8.74,11
DEC,1940,4481.905,-7.14,12
JAN,1941,4481.605,-7.44,1
FEB,1941,4482.405,-6.64,2
MAR,1941,4483.005,-6.04,3
APR,1941,4483.105,-5.94,4
MAY,1941,4482.805,-6.24,5
JUN,1941,4482.205,-6.84,6
JUL,1941,4481.405,-7.64,7
AUG,1941,4480.705,-8.34,8
SEP,1941,4480.605,-8.44,9
OCT,1941,4481.205,-7.84,10
NOV,1941,4481.905,-7.14,11
DEC,1941,4481.805,-7.24,12
JAN,1942,4483.305,-5.74,1
FEB,1942,4484.005,-5.04,2
MAR,1942,4484.605,-4.44,3
APR,1942,4485.055,-3.99,4
MAY,1942,4484.705,-4.34,5
JUN,1942,4483.905,-5.14,6
JUL,1942,4482.905,-6.14,7
AUG,1942,4482.005,-7.04,8
SEP,1942,4481.505,-7.54,9
OCT,1942,4481.805,-7.24,10
NOV,1942,4482.305,-6.74,11
DEC,1942,4483.205,-5.84,12
JAN,1943,4483.405,-5.64,1
FEB,1943,4484.105,-4.94,2
MAR,1943,4484.705,-4.34,3
APR,1943,4484.505,-4.54,4
MAY,1943,4484.405,-4.64,5
JUN,1943,4483.605,-5.44,6
JUL,1943,4482.705,-6.34,7
AUG,1943,4481.805,-7.24,8
SEP,1943,4481.405,-7.64,9
OCT,1943,4481.705,-7.34,10
NOV,1943,4482.205,-6.84,11
DEC,1943,4483.105,-5.94,12
JAN,1944,4483.505,-5.54,1
FEB,1944,4484.305,-4.74,2
MAR,1944,4485.005,-4.04,3
APR,1944,4485.855,-3.19,4
MAY,1944,4486.255,-2.79,5
JUN,1944,4485.655,-3.39,6
JUL,1944,4484.505,-4.54,7
AUG,1944,4483.505,-5.54,8
SEP,1944,4483.205,-5.84,9
OCT,1944,4483.505,-5.54,10
NOV,1944,4484.005,-5.04,11
DEC,1944,4484.405,-4.64,12
JAN,1945,4485.205,-3.84,1
FEB,1945,4485.905,-3.14,2
MAR,1945,4486.455,-2.59,3
APR,1945,4487.005,-2.04,4
MAY,1945,4487.055,-1.99,5
JUN,1945,4486.455,-2.59,6
JUL,1945,4485.755,-3.29,7
AUG,1945,4485.105,-3.94,8
SEP,1945,4484.905,-4.14,9
OCT,1945,4485.205,-3.84,10
NOV,1945,4485.805,-3.24,11
DEC,1945,4485.805,-3.24,12
JAN,1946,4486.855,-2.19,1
FEB,1946,4487.255,-1.79,2
MAR,1946,4487.855,-1.19,3
APR,1946,4487.805,-1.24,4
MAY,1946,4487.205,-1.84,5
JUN,1946,4486.155,-2.89,6
JUL,1946,4485.255,-3.79,7
AUG,1946,4484.505,-4.54,8
SEP,1946,4484.205,-4.84,9
OCT,1946,4485.055,-3.99,10
NOV,1946,4485.905,-3.14,11
DEC,1946,4486.205,-2.84,12
JAN,1947,4487.355,-1.69,1
FEB,1947,4488.005,-1.04,2
MAR,1947,4488.555,-0.49,3
APR,1947,4488.705,-0.34,4
MAY,1947,4488.305,-0.74,5
JUN,1947,4487.655,-1.39,6
JUL,1947,4486.905,-2.14,7
AUG,1947,4486.155,-2.89,8
SEP,1947,4485.905,-3.14,9
OCT,1947,4486.355,-2.69,10
NOV,1947,4486.955,-2.09,11
DEC,1947,4487.305,-1.74,12
JAN,1948,4488.005,-1.04,1
FEB,1948,4488.405,-0.64,2
MAR,1948,4488.705,-0.34,3
APR,1948,4488.555,-0.49,4
MAY,1948,4488.005,-1.04,5
JUN,1948,4487.155,-1.89,6
JUL,1948,4486.155,-2.89,7
AUG,1948,4485.255,-3.79,8
SEP,1948,4484.805,-4.24,9
OCT,1948,4485.105,-3.94,10
NOV,1948,4485.655,-3.39,11
DEC,1948,4486.955,-2.09,12
JAN,1949,4487.005,-2.04,1
FEB,1949,4487.655,-1.39,2
MAR,1949,4488.055,-0.99,3
APR,1949,4488.105,-0.94,4
MAY,1949,4488.205,-0.84,5
JUN,1949,4487.455,-1.59,6
JUL,1949,4486.455,-2.59,7
AUG,1949,4485.655,-3.39,8
SEP,1949,4485.455,-3.59,9
OCT,1949,4485.855,-3.19,10
NOV,1949,4486.305,-2.74,11
DEC,1949,4486.905,-2.14,12
JAN,1950,4487.705,-1.34,1
FEB,1950,4488.105,-0.94,2
MAR,1950,4488.455,-0.59,3
APR,1950,4488.605,-0.44,4
MAY,1950,4488.355,-0.69,5
JUN,1950,4487.655,-1.39,6
JUL,1950,4486.755,-2.29,7
AUG,1950,4485.955,-3.09,8
SEP,1950,4485.605,-3.44,9
OCT,1950,4485.805,-3.24,10
NOV,1950,4486.405,-2.64,11
DEC,1950,4487.205,-1.84,12
JAN,1951,4487.655,-1.39,1
FEB,1951,4488.105,-0.94,2
MAR,1951,4488.405,-0.64,3
APR,1951,4488.655,-0.39,4
MAY,1951,4488.355,-0.69,5
JUN,1951,4487.605,-1.44,6
JUL,1951,4486.955,-2.09,7
AUG,1951,4486.155,-2.89,8
SEP,1951,4485.955,-3.09,9
OCT,1951,4486.405,-2.64,10
NOV,1951,4486.955,-2.09,11
DEC,1951,4487.355,-1.69,12
JAN,1952,4488.455,-0.59,1
FEB,1952,4489.055,0.01,2
MAR,1952,4489.955,0.91,3
APR,1952,4491.345,2.3,4
MAY,1952,4492.345,3.3,5
JUN,1952,4491.345,2.3,6
JUL,1952,4490.345,1.3,7
AUG,1952,4489.955,0.91,8
SEP,1952,4489.905,0.86,9
OCT,1952,4489.855,0.81,10
NOV,1952,4489.955,0.91,11
DEC,1952,4489.955,0.91,12
JAN,1953,4490.345,1.3,1
FEB,1953,4490.345,1.3,2
MAR,1953,4490.345,1.3,3
APR,1953,4489.955,0.91,4
MAY,1953,4489.755,0.71,5
JUN,1953,4488.905,-0.14,6
JUL,1953,4488.155,-0.89,7
AUG,1953,4487.305,-1.74,8
SEP,1953,4486.855,-2.19,9
OCT,1953,4487.055,-1.99,10
NOV,1953,4487.505,-1.54,11
DEC,1953,4489.005,-0.04,12
JAN,1954,4488.555,-0.49,1
FEB,1954,4488.705,-0.34,2
MAR,1954,4488.805,-0.24,3
APR,1954,4488.355,-0.69,4
MAY,1954,4487.655,-1.39,5
JUN,1954,4486.755,-2.29,6
JUL,1954,4485.805,-3.24,7
AUG,1954,4484.905,-4.14,8
SEP,1954,4484.505,-4.54,9
OCT,1954,4484.705,-4.34,10
NOV,1954,4485.155,-3.89,11
DEC,1954,4486.855,-2.19,12
JAN,1955,4486.305,-2.74,1
FEB,1955,4486.855,-2.19,2
MAR,1955,4487.255,-1.79,3
APR,1955,4487.155,-1.89,4
MAY,1955,4486.705,-2.34,5
JUN,1955,4485.805,-3.24,6
JUL,1955,4484.805,-4.24,7
AUG,1955,4483.905,-5.14,8
SEP,1955,4483.605,-5.44,9
OCT,1955,4483.805,-5.24,10
NOV,1955,4484.405,-4.64,11
DEC,1955,4485.555,-3.49,12
JAN,1956,4485.755,-3.29,1
FEB,1956,4486.305,-2.74,2
MAR,1956,4486.605,-2.44,3
APR,1956,4486.355,-2.69,4
MAY,1956,4485.955,-3.09,5
JUN,1956,4484.905,-4.14,6
JUL,1956,4483.905,-5.14,7
AUG,1956,4482.905,-6.14,8
SEP,1956,4482.505,-6.54,9
OCT,1956,4482.705,-6.34,10
NOV,1956,4483.405,-5.64,11
DEC,1956,4484.705,-4.34,12
JAN,1957,4484.505,-4.54,1
FEB,1957,4485.155,-3.89,2
MAR,1957,4485.655,-3.39,3
APR,1957,4486.155,-2.89,4
MAY,1957,4486.705,-2.34,5
JUN,1957,4486.355,-2.69,6
JUL,1957,4485.405,-3.64,7
AUG,1957,4484.605,-4.44,8
SEP,1957,4484.305,-4.74,9
OCT,1957,4484.705,-4.34,10
NOV,1957,4485.355,-3.69,11
DEC,1957,4485.255,-3.79,12
JAN,1958,4486.605,-2.44,1
FEB,1958,4487.155,-1.89,2
MAR,1958,4487.855,-1.19,3
APR,1958,4488.105,-0.94,4
MAY,1958,4487.755,-1.29,5
JUN,1958,4486.755,-2.29,6
JUL,1958,4485.755,-3.29,7
AUG,1958,4484.905,-4.14,8
SEP,1958,4484.505,-4.54,9
OCT,1958,4484.705,-4.34,10
NOV,1958,4485.255,-3.79,11
DEC,1958,4486.305,-2.74,12
JAN,1959,4486.455,-2.59,1
FEB,1959,4487.005,-2.04,2
MAR,1959,4487.255,-1.79,3
APR,1959,4486.955,-2.09,4
MAY,1959,4486.205,-2.84,5
JUN,1959,4485.305,-3.74,6
JUL,1959,4484.305,-4.74,7
AUG,1959,4483.605,-5.44,8
SEP,1959,4483.405,-5.64,9
OCT,1959,4483.605,-5.44,10
NOV,1959,4483.905,-5.14,11
DEC,1959,4485.355,-3.69,12
JAN,1960,4485.155,-3.89,1
FEB,1960,4485.705,-3.34,2
MAR,1960,4485.905,-3.14,3
APR,1960,4485.505,-3.54,4
MAY,1960,4484.705,-4.34,5
JUN,1960,4483.005,-6.04,6
JUL,1960,4481.805,-7.24,7
AUG,1960,4481.105,-7.94,8
SEP,1960,4480.905,-8.14,9
OCT,1960,4481.205,-7.84,10
NOV,1960,4482.005,-7.04,11
DEC,1960,4483.505,-5.54,12
JAN,1961,4482.805,-6.24,1
FEB,1961,4483.105,-5.94,2
MAR,1961,4483.305,-5.74,3
APR,1961,4482.905,-6.14,4
MAY,1961,4482.005,-7.04,5
JUN,1961,4481.105,-7.94,6
JUL,1961,4480.405,-8.64,7
AUG,1961,4479.905,-9.14,8
SEP,1961,4480.005,-9.04,9
OCT,1961,4480.305,-8.74,10
NOV,1961,4480.805,-8.24,11
DEC,1961,4481.605,-7.44,12
JAN,1962,4482.005,-7.04,1
FEB,1962,4482.905,-6.14,2
MAR,1962,4483.605,-5.44,3
APR,1962,4484.205,-4.84,4
MAY,1962,4484.205,-4.84,5
JUN,1962,4483.305,-5.74,6
JUL,1962,4482.205,-6.84,7
AUG,1962,4481.405,-7.64,8
SEP,1962,4481.205,-7.84,9
OCT,1962,4481.305,-7.74,10
NOV,1962,4481.605,-7.44,11
DEC,1962,4482.505,-6.54,12
JAN,1963,4482.605,-6.44,1
FEB,1963,4483.105,-5.94,2
MAR,1963,4483.505,-5.54,3
APR,1963,4483.605,-5.44,4
MAY,1963,4483.305,-5.74,5
JUN,1963,4482.605,-6.44,6
JUL,1963,4481.605,-7.44,7
AUG,1963,4481.105,-7.94,8
SEP,1963,4480.905,-8.14,9
OCT,1963,4481.105,-7.94,10
NOV,1963,4481.605,-7.44,11
DEC,1963,4482.305,-6.74,12
JAN,1964,4482.705,-6.34,1
FEB,1964,4483.205,-5.84,2
MAR,1964,4483.805,-5.24,3
APR,1964,4484.605,-4.44,4
MAY,1964,4485.005,-4.04,5
JUN,1964,4484.905,-4.14,6
JUL,1964,4483.905,-5.14,7
AUG,1964,4483.005,-6.04,8
SEP,1964,4482.705,-6.34,9
OCT,1964,4482.905,-6.14,10
NOV,1964,4483.405,-5.64,11
DEC,1964,4483.505,-5.54,12
JAN,1965,4484.705,-4.34,1
FEB,1965,4485.305,-3.74,2
MAR,1965,4485.855,-3.19,3
APR,1965,4486.155,-2.89,4
MAY,1965,4486.155,-2.89,5
JUN,1965,4486.155,-2.89,6
JUL,1965,4485.605,-3.44,7
AUG,1965,4485.255,-3.79,8
SEP,1965,4485.405,-3.64,9
OCT,1965,4485.805,-3.24,10
NOV,1965,4486.405,-2.64,11
DEC,1965,4485.605,-3.44,12
JAN,1966,4487.605,-1.44,1
FEB,1966,4488.055,-0.99,2
MAR,1966,4488.305,-0.74,3
APR,1966,4487.955,-1.09,4
MAY,1966,4487.305,-1.74,5
JUN,1966,4486.255,-2.79,6
JUL,1966,4485.305,-3.74,7
AUG,1966,4484.605,-4.44,8
SEP,1966,4484.305,-4.74,9
OCT,1966,4484.505,-4.54,10
NOV,1966,4485.105,-3.94,11
DEC,1966,4486.405,-2.64,12
JAN,1967,4486.455,-2.59,1
FEB,1967,4486.905,-2.14,2
MAR,1967,4487.355,-1.69,3
APR,1967,4487.155,-1.89,4
MAY,1967,4487.355,-1.69,5
JUN,1967,4487.405,-1.64,6
JUL,1967,4486.555,-2.49,7
AUG,1967,4485.805,-3.24,8
SEP,1967,4485.555,-3.49,9
OCT,1967,4485.805,-3.24,10
NOV,1967,4486.355,-2.69,11
DEC,1967,4486.555,-2.49,12
JAN,1968,4487.455,-1.59,1
FEB,1968,4488.155,-0.89,2
MAR,1968,4488.605,-0.44,3
APR,1968,4488.755,-0.29,4
MAY,1968,4488.805,-0.24,5
JUN,1968,4488.155,-0.89,6
JUL,1968,4487.505,-1.54,7
AUG,1968,4486.955,-2.09,8
SEP,1968,4486.705,-2.34,9
OCT,1968,4487.005,-2.04,10
NOV,1968,4487.605,-1.44,11
DEC,1968,4487.755,-1.29,12
JAN,1969,4488.555,-0.49,1
FEB,1969,4488.955,-0.09,2
MAR,1969,4489.355,0.31,3
APR,1969,4489.555,0.51,4
MAY,1969,4489.205,0.16,5
JUN,1969,4489.055,0.01,6
JUL,1969,4488.355,-0.69,7
AUG,1969,4487.655,-1.39,8
SEP,1969,4487.505,-1.54,9
OCT,1969,4487.905,-1.14,10
NOV,1969,4488.255,-0.79,11
DEC,1969,4488.555,-0.49,12
JAN,1970,4489.055,0.01,1
FEB,1970,4489.155,0.11,2
MAR,1970,4489.105,0.06,3
APR,1970,4489.005,-0.04,4
MAY,1970,4488.705,-0.34,5
JUN,1970,4488.155,-0.89,6
JUL,1970,4487.355,-1.69,7
AUG,1970,4486.855,-2.19,8
SEP,1970,4486.655,-2.39,9
OCT,1970,4487.205,-1.84,10
NOV,1970,4487.805,-1.24,11
DEC,1970,4488.155,-0.89,12
JAN,1971,4488.655,-0.39,1
FEB,1971,4488.905,-0.14,2
MAR,1971,4489.155,0.11,3
APR,1971,4489.255,0.21,4
MAY,1971,4488.955,-0.09,5
JUN,1971,4488.155,-0.89,6
JUL,1971,4487.255,-1.79,7
AUG,1971,4486.705,-2.34,8
SEP,1971,4486.655,-2.39,9
OCT,1971,4487.255,-1.79,10
NOV,1971,4487.855,-1.19,11
DEC,1971,4488.105,-0.94,12
JAN,1972,4488.605,-0.44,1
FEB,1972,4488.805,-0.24,2
MAR,1972,4488.955,-0.09,3
APR,1972,4488.605,-0.44,4
MAY,1972,4488.255,-0.79,5
JUN,1972,4487.455,-1.59,6
JUL,1972,4486.555,-2.49,7
AUG,1972,4485.805,-3.24,8
SEP,1972,4485.805,-3.24,9
OCT,1972,4486.355,-2.69,10
NOV,1972,4486.905,-2.14,11
DEC,1972,4487.555,-1.49,12
JAN,1973,4488.055,-0.99,1
FEB,1973,4488.505,-0.54,2
MAR,1973,4488.805,-0.24,3
APR,1973,4489.355,0.31,4
MAY,1973,4489.655,0.61,5
JUN,1973,4489.005,-0.04,6
JUL,1973,4488.255,-0.79,7
AUG,1973,4487.655,-1.39,8
SEP,1973,4487.655,-1.39,9
OCT,1973,4488.055,-0.99,10
NOV,1973,4488.355,-0.69,11
DEC,1973,4488.405,-0.64,12
JAN,1974,4489.105,0.06,1
FEB,1974,4489.355,0.31,2
MAR,1974,4489.655,0.61,3
APR,1974,4489.555,0.51,4
MAY,1974,4489.205,0.16,5
JUN,1974,4488.405,-0.64,6
JUL,1974,4487.505,-1.54,7
AUG,1974,4486.605,-2.44,8
SEP,1974,4486.205,-2.84,9
OCT,1974,4486.605,-2.44,10
NOV,1974,4487.155,-1.89,11
DEC,1974,4488.205,-0.84,12
JAN,1975,4488.355,-0.69,1
FEB,1975,4488.655,-0.39,2
MAR,1975,4488.855,-0.19,3
APR,1975,4489.105,0.06,4
MAY,1975,4489.955,0.91,5
JUN,1975,4489.955,0.91,6
JUL,1975,4489.355,0.31,7
AUG,1975,4488.655,-0.39,8
SEP,1975,4488.455,-0.59,9
OCT,1975,4488.705,-0.34,10
NOV,1975,4489.105,0.06,11
DEC,1975,4488.955,-0.09,12
JAN,1976,4489.705,0.66,1
FEB,1976,4489.905,0.86,2
MAR,1976,4489.955,0.91,3
APR,1976,4489.755,0.71,4
MAY,1976,4489.105,0.06,5
JUN,1976,4488.305,-0.74,6
JUL,1976,4487.505,-1.54,7
AUG,1976,4486.805,-2.24,8
SEP,1976,4486.505,-2.54,9
OCT,1976,4486.655,-2.39,10
NOV,1976,4487.005,-2.04,11
DEC,1976,4488.405,-0.64,12
JAN,1977,4487.755,-1.29,1
FEB,1977,4488.005,-1.04,2
MAR,1977,4488.255,-0.79,3
APR,1977,4488.055,-0.99,4
MAY,1977,4487.755,-1.29,5
JUN,1977,4486.755,-2.29,6
JUL,1977,4485.955,-3.09,7
AUG,1977,4485.255,-3.79,8
SEP,1977,4485.055,-3.99,9
OCT,1977,4485.205,-3.84,10
NOV,1977,4485.555,-3.49,11
DEC,1977,4486.755,-2.29,12
JAN,1978,4486.605,-2.44,1
FEB,1978,4487.355,-1.69,2
MAR,1978,4488.055,-0.99,3
APR,1978,4488.455,-0.59,4
MAY,1978,4488.355,-0.69,5
JUN,1978,4487.605,-1.44,6
JUL,1978,4486.755,-2.29,7
AUG,1978,4486.205,-2.84,8
SEP,1978,4486.255,-2.79,9
OCT,1978,4486.605,-2.44,10
NOV,1978,4487.255,-1.79,11
DEC,1978,4487.155,-1.89,12
JAN,1979,4488.455,-0.59,1
FEB,1979,4488.955,-0.09,2
MAR,1979,4489.255,0.21,3
APR,1979,4489.255,0.21,4
MAY,1979,4488.705,-0.34,5
JUN,1979,4487.755,-1.29,6
JUL,1979,4486.955,-2.09,7
AUG,1979,4486.305,-2.74,8
SEP,1979,4485.955,-3.09,9
OCT,1979,4486.305,-2.74,10
NOV,1979,4486.755,-2.29,11
DEC,1979,4487.755,-1.29,12
JAN,1980,4488.055,-0.99,1
FEB,1980,4488.755,-0.29,2
MAR,1980,4488.955,-0.09,3
APR,1980,4489.955,0.91,4
MAY,1980,4489.955,0.91,5
JUN,1980,4489.605,0.56,6
JUL,1980,4488.805,-0.24,7
AUG,1980,4488.455,-0.59,8
SEP,1980,4488.355,-0.69,9
OCT,1980,4488.655,-0.39,10
NOV,1980,4488.955,-0.09,11
DEC,1980,4488.855,-0.19,12
JAN,1981,4489.205,0.16,1
FEB,1981,4489.255,0.21,2
MAR,1981,4489.305,0.26,3
APR,1981,4489.205,0.16,4
MAY,1981,4489.105,0.06,5
JUN,1981,4488.355,-0.69,6
JUL,1981,4487.355,-1.69,7
AUG,1981,4486.805,-2.24,8
SEP,1981,4486.905,-2.14,9
OCT,1981,4487.355,-1.69,10
NOV,1981,4487.555,-1.49,11
DEC,1981,4488.305,-0.74,12
JAN,1982,4488.555,-0.49,1
FEB,1982,4489.055,0.01,2
MAR,1982,4489.455,0.41,3
APR,1982,4489.955,0.91,4
MAY,1982,4490.345,1.3,5
JUN,1982,4489.955,0.91,6
JUL,1982,4489.605,0.56,7
AUG,1982,4489.305,0.26,8
SEP,1982,4489.805,0.76,9
OCT,1982,4489.955,0.91,10
NOV,1982,4490.345,1.3,11
DEC,1982,4489.655,0.61,12
JAN,1983,4490.345,1.3,1
FEB,1983,4491.345,2.3,2
MAR,1983,4491.345,2.3,3
APR,1983,4492.345,3.3,4
MAY,1983,4493.345,4.3,5
JUN,1983,4493.345,4.3,6
JUL,1983,4492.345,3.3,7
AUG,1983,4491.345,2.3,8
SEP,1983,4491.345,2.3,9
OCT,1983,4491.345,2.3,10
NOV,1983,4492.345,3.3,11
DEC,1983,4491.345,2.3,12
JAN,1984,4492.345,3.3,1
FEB,1984,4492.345,3.3,2
MAR,1984,4492.345,3.3,3
APR,1984,4493.345,4.3,4
MAY,1984,4493.345,4.3,5
JUN,1984,4493.345,4.3,6
JUL,1984,4492.345,3.3,7
AUG,1984,4491.345,2.3,8
SEP,1984,4491.345,2.3,9
OCT,1984,4491.345,2.3,10
NOV,1984,4491.345,2.3,11
DEC,1984,4492.345,3.3,12
JAN,1985,4491.345,2.3,1
FEB,1985,4491.345,2.3,2
MAR,1985,4492.345,3.3,3
APR,1985,4492.345,3.3,4
MAY,1985,4491.345,2.3,5
JUN,1985,4491.345,2.3,6
JUL,1985,4490.345,1.3,7
AUG,1985,4489.955,0.91,8
SEP,1985,4489.905,0.86,9
OCT,1985,4489.955,0.91,10
NOV,1985,4489.955,0.91,11
DEC,1985,4491.345,2.3,12
JAN,1986,4490.345,1.3,1
FEB,1986,4491.345,2.3,2
MAR,1986,4492.345,3.3,3
APR,1986,4492.345,3.3,4
MAY,1986,4492.345,3.3,5
JUN,1986,4491.345,2.3,6
JUL,1986,4490.345,1.3,7
AUG,1986,4489.805,0.76,8
SEP,1986,4489.605,0.56,9
OCT,1986,4489.455,0.41,10
NOV,1986,4489.405,0.36,11
DEC,1986,4490.345,1.3,12
JAN,1987,4489.255,0.21,1
FEB,1987,4489.155,0.11,2
MAR,1987,4488.905,-0.14,3
APR,1987,4488.555,-0.49,4
MAY,1987,4488.205,-0.84,5
JUN,1987,4487.405,-1.64,6
JUL,1987,4486.755,-2.29,7
AUG,1987,4486.355,-2.69,8
SEP,1987,4486.155,-2.89,9
OCT,1987,4486.555,-2.49,10
NOV,1987,4487.005,-2.04,11
DEC,1987,4487.805,-1.24,12
JAN,1988,4488.005,-1.04,1
FEB,1988,4488.405,-0.64,2
MAR,1988,4488.705,-0.34,3
APR,1988,4488.605,-0.44,4
MAY,1988,4488.105,-0.94,5
JUN,1988,4486.955,-2.09,6
JUL,1988,4485.905,-3.14,7
AUG,1988,4485.205,-3.84,8
SEP,1988,4484.705,-4.34,9
OCT,1988,4484.905,-4.14,10
NOV,1988,4485.205,-3.84,11
DEC,1988,4486.905,-2.14,12
JAN,1989,4479.805,-9.24,1
FEB,1989,4479.805,-9.24,2
MAR,1989,4480.005,-9.04,3
APR,1989,4479.805,-9.24,4
MAY,1989,4479.805,-9.24,5
JUN,1989,4479.305,-9.74,6
JUL,1989,4479.005,-10.04,7
AUG,1989,4478.905,-10.14,8
SEP,1989,4479.005,-10.04,9
OCT,1989,4479.105,-9.94,10
NOV,1989,4479.205,-9.84,11
DEC,1989,4479.405,-9.64,12
JAN,1990,4485.455,-3.59,1
FEB,1990,4485.955,-3.09,2
MAR,1990,4486.255,-2.79,3
APR,1990,4485.705,-3.34,4
MAY,1990,4485.255,-3.79,5
JUN,1990,4484.405,-4.64,6
JUL,1990,4483.305,-5.74,7
AUG,1990,4482.605,-6.44,8
SEP,1990,4482.505,-6.54,9
OCT,1990,4482.605,-6.44,10
NOV,1990,4483.005,-6.04,11
DEC,1990,4484.305,-4.74,12
JAN,1991,4483.805,-5.24,1
FEB,1991,4484.405,-4.64,2
MAR,1991,4484.605,-4.44,3
APR,1991,4484.705,-4.34,4
MAY,1991,4484.805,-4.24,5
JUN,1991,4483.905,-5.14,6
JUL,1991,4483.005,-6.04,7
AUG,1991,4482.505,-6.54,8
SEP,1991,4482.605,-6.44,9
OCT,1991,4482.705,-6.34,10
NOV,1991,4483.305,-5.74,11
DEC,1991,4483.705,-5.34,12
JAN,1992,4484.205,-4.84,1
FEB,1992,4484.605,-4.44,2
MAR,1992,4484.805,-4.24,3
APR,1992,4477.305,-11.74,4
MAY,1992,4477.305,-11.74,5
JUN,1992,4477.205,-11.84,6
JUL,1992,4477.005,-12.04,7
AUG,1992,4476.905,-12.14,8
SEP,1992,4477.005,-12.04,9
OCT,1992,4478.805,-10.24,10
NOV,1992,4482.105,-6.94,11
DEC,1992,4480.705,-8.34,12
JAN,1993,4483.505,-5.54,1
FEB,1993,4484.405,-4.64,2
MAR,1993,4485.255,-3.79,3
APR,1993,4486.055,-2.99,4
MAY,1993,4482.705,-6.34,5
JUN,1993,4486.705,-2.34,6
JUL,1993,4486.155,-2.89,7
AUG,1993,4485.655,-3.39,8
SEP,1993,4485.755,-3.29,9
OCT,1993,4486.155,-2.89,10
NOV,1993,4486.455,-2.59,11
DEC,1993,4485.205,-3.84,12
JAN,1994,4487.305,-1.74,1
FEB,1994,4487.705,-1.34,2
MAR,1994,4487.905,-1.14,3
APR,1994,4487.855,-1.19,4
MAY,1994,4487.255,-1.79,5
JUN,1994,4486.255,-2.79,6
JUL,1994,4485.405,-3.64,7
AUG,1994,4484.705,-4.34,8
SEP,1994,4484.705,-4.34,9
OCT,1994,4485.155,-3.89,10
NOV,1994,4485.555,-3.49,11
DEC,1994,4486.405,-2.64,12
JAN,1995,4486.555,-2.49,1
FEB,1995,4487.005,-2.04,2
MAR,1995,4487.455,-1.59,3
APR,1995,4488.305,-0.74,4
MAY,1995,4489.355,0.31,5
JUN,1995,4489.205,0.16,6
JUL,1995,4488.555,-0.49,7
AUG,1995,4488.055,-0.99,8
SEP,1995,4487.955,-1.09,9
OCT,1995,4488.255,-0.79,10
NOV,1995,4488.655,-0.39,11
DEC,1995,4487.955,-1.09,12
JAN,1996,4489.155,0.11,1
FEB,1996,4489.405,0.36,2
MAR,1996,4489.505,0.46,3
APR,1996,4489.555,0.51,4
MAY,1996,4489.305,0.26,5
JUN,1996,4488.605,-0.44,6
JUL,1996,4487.855,-1.19,7
AUG,1996,4487.405,-1.64,8
SEP,1996,4487.355,-1.69,9
OCT,1996,4487.755,-1.29,10
NOV,1996,4488.355,-0.69,11
DEC,1996,4488.605,-0.44,12
JAN,1997,4489.505,0.46,1
FEB,1997,4489.805,0.76,2
MAR,1997,4489.855,0.81,3
APR,1997,4489.955,0.91,4
MAY,1997,4489.955,0.91,5
JUN,1997,4489.305,0.26,6
JUL,1997,4488.755,-0.29,7
AUG,1997,4488.505,-0.54,8
SEP,1997,4488.805,-0.24,9
OCT,1997,4488.955,-0.09,10
NOV,1997,4489.005,-0.04,11
DEC,1997,4489.305,0.26,12
JAN,1998,4489.355,0.31,1
FEB,1998,4489.555,0.51,2
MAR,1998,4489.755,0.71,3
APR,1998,4489.955,0.91,4
MAY,1998,4490.345,1.3,5
JUN,1998,4489.955,0.91,6
JUL,1998,4489.255,0.21,7
AUG,1998,4488.905,-0.14,8
SEP,1998,4489.005,-0.04,9
OCT,1998,4489.255,0.21,10
NOV,1998,4489.355,0.31,11
DEC,1998,4489.505,0.46,12
JAN,1999,4489.555,0.51,1
FEB,1999,4489.505,0.46,2
MAR,1999,4489.355,0.31,3
APR,1999,4489.555,0.51,4
MAY,1999,4489.655,0.61,5
JUN,1999,4489.005,-0.04,6
JUL,1999,4488.455,-0.59,7
AUG,1999,4488.055,-0.99,8
SEP,1999,4487.905,-1.14,9
OCT,1999,4488.055,-0.99,10
NOV,1999,4488.405,-0.64,11
DEC,1999,4488.905,-0.14,12
JAN,2000,4489.055,0.01,1
FEB,2000,4489.205,0.16,2
MAR,2000,4489.105,0.06,3
APR,2000,4488.855,-0.19,4
MAY,2000,4488.355,-0.69,5
JUN,2000,4487.555,-1.49,6
JUL,2000,4486.705,-2.34,7
AUG,2000,4486.305,-2.74,8
SEP,2000,4486.255,-2.79,9
OCT,2000,4486.555,-2.49,10
NOV,2000,4487.005,-2.04,11
DEC,2000,4487.805,-1.24,12
JAN,2001,4487.655,-1.39,1
FEB,2001,4487.955,-1.09,2
MAR,2001,4488.155,-0.89,3
APR,2001,4488.005,-1.04,4
MAY,2001,4487.255,-1.79,5
JUN,2001,4486.455,-2.59,6
JUL,2001,4485.605,-3.44,7
AUG,2001,4484.905,-4.14,8
SEP,2001,4484.505,-4.54,9
OCT,2001,4484.705,-4.34,10
NOV,2001,4485.305,-3.74,11
DEC,2001,4486.505,-2.54,12
JAN,2002,4486.205,-2.84,1
FEB,2002,4486.605,-2.44,2
MAR,2002,4486.855,-2.19,3
APR,2002,4486.705,-2.34,4
MAY,2002,4486.005,-3.04,5
JUN,2002,4485.105,-3.94,6
JUL,2002,4484.205,-4.84,7
AUG,2002,4483.605,-5.44,8
SEP,2002,4483.605,-5.44,9
OCT,2002,4483.805,-5.24,10
NOV,2002,4484.105,-4.94,11
DEC,2002,4485.255,-3.79,12
JAN,2003,4484.805,-4.24,1
FEB,2003,4485.255,-3.79,2
MAR,2003,4485.555,-3.49,3
APR,2003,4485.005,-4.04,4
MAY,2003,4485.055,-3.99,5
JUN,2003,4484.205,-4.84,6
JUL,2003,4483.305,-5.74,7
AUG,2003,4483.905,-5.14,8
SEP,2003,4482.505,-6.54,9
OCT,2003,4482.705,-6.34,10
NOV,2003,4483.305,-5.74,11
DEC,2003,4484.205,-4.84,12
JAN,2004,4484.145,-4.9,1
FEB,2004,4484.605,-4.44,2
MAR,2004,4484.915,-4.13,3
APR,2004,4485.185,-3.86,4
MAY,2004,4484.92,-4.13,5
JUN,2004,4484.32,-4.73,6
JUL,2004,4483.912,-5.13,7
AUG,2004,4482.711,-6.33,8
SEP,2004,4482.008,-7.04,9
OCT,2004,4482.141,-6.9,10
NOV,2004,4482.526,-6.52,11
DEC,2004,4483.073,-5.97,12
JAN,2005,4483.683,-5.36,1
FEB,2005,4484.27,-4.77,2
MAR,2005,4484.76,-4.28,3
APR,2005,4485.089,-3.96,4
MAY,2005,4486.597,-2.45,5
JUN,2005,4487.869,-1.18,6
JUL,2005,4487.808,-1.24,7
AUG,2005,4487.135,-1.91,8
SEP,2005,4486.599,-2.45,9
OCT,2005,4486.647,-2.4,10
NOV,2005,4487.122,-1.92,11
DEC,2005,4487.517,-1.53,12
JAN,2006,4488.102,-0.94,1
FEB,2006,4488.568,-0.48,2
MAR,2006,4489.01,-0.04,3
APR,2006,4489.346,0.3,4
MAY,2006,4489.615,0.57,5
JUN,2006,4489.295,0.25,6
JUL,2006,4488.663,-0.38,7
AUG,2006,4488.022,-1.02,8
SEP,2006,4487.6,-1.45,9
OCT,2006,4487.738,-1.31,10
NOV,2006,4488.029,-1.02,11
DEC,2006,4488.47,-0.58,12
JAN,2007,4488.825,-0.22,1
FEB,2007,4489.204,0.16,2
MAR,2007,4489.336,0.29,3
APR,2007,4489.176,0.13,4
MAY,2007,4488.946,-0.1,5
JUN,2007,4488.514,-0.53,6
JUL,2007,4487.817,-1.23,7
AUG,2007,4487.105,-1.94,8
SEP,2007,4486.484,-2.56,9
OCT,2007,4486.383,-2.66,10
NOV,2007,4486.542,-2.5,11
DEC,2007,4486.935,-2.11,12
JAN,2008,4487.4,-1.65,1
FEB,2008,4487.891,-1.15,2
MAR,2008,4488.264,-0.78,3
APR,2008,4488.565,-0.48,4
MAY,2008,4488.674,-0.37,5
JUN,2008,4488.656,-0.39,6
JUL,2008,4488.163,-0.88,7
AUG,2008,4487.345,-1.7,8
SEP,2008,4486.778,-2.27,9
OCT,2008,4486.544,-2.5,10
NOV,2008,4486.766,-2.28,11
DEC,2008,4487.104,-1.94,12
JAN,2009,4487.545,-1.5,1
FEB,2009,4488.116,-0.93,2
MAR,2009,4488.476,-0.57,3
APR,2009,4488.976,-0.07,4
MAY,2009,4489.478,0.43,5
JUN,2009,4489.52,0.48,6
JUL,2009,4489.144,0.1,7
AUG,2009,4488.496,-0.55,8
SEP,2009,4487.949,-1.1,9
OCT,2009,4487.667,-1.38,10
NOV,2009,4487.907,-1.14,11
DEC,2009,4488.278,-0.77,12
JAN,2010,4488.807,-0.24,1
FEB,2010,4489.07,0.03,2
MAR,2010,4488.888,-0.16,3
APR,2010,4489.022,-0.02,4
MAY,2010,4488.962,-0.08,5
JUN,2010,4488.959,-0.09,6
JUL,2010,4488.392,-0.65,7
AUG,2010,4487.662,-1.38,8
SEP,2010,4486.962,-2.08,9
OCT,2010,4486.784,-2.26,10
NOV,2010,4487.055,-1.99,11
DEC,2010,4487.556,-1.49,12
JAN,2011,4488.29,-0.75,1
FEB,2011,4488.978,-0.07,2
MAR,2011,4489.251,0.21,3
APR,2011,4489.458,0.41,4
MAY,2011,4490.255,1.21,5
JUN,2011,4491.19,2.15,6
JUL,2011,4491.19,2.15,7
AUG,2011,4490.382,1.34,8
SEP,2011,4489.515,0.47,9
OCT,2011,4489.073,0.03,10
NOV,2011,4488.875,-0.17,11
DEC,2011,4488.923,-0.12,12
JAN,2012,4489.293,0.25,1
FEB,2012,4489.342,0.3,2
MAR,2012,4489.303,0.26,3
APR,2012,4489.202,0.16,4
MAY,2012,4488.961,-0.08,5
JUN,2012,4488.502,-0.54,6
JUL,2012,4487.559,-1.49,7
AUG,2012,4486.737,-2.31,8
SEP,2012,4486.152,-2.89,9
OCT,2012,4485.983,-3.06,10
NOV,2012,4486.255,-2.79,11
DEC,2012,4486.648,-2.4,12
JAN,2013,4487.076,-1.97,1
FEB,2013,4487.443,-1.6,2
MAR,2013,4487.866,-1.18,3
APR,2013,4487.957,-1.09,4
MAY,2013,4487.874,-1.17,5
JUN,2013,4487.386,-1.66,6
JUL,2013,4486.663,-2.38,7
AUG,2013,4485.848,-3.2,8
SEP,2013,4485.366,-3.68,9
OCT,2013,4485.217,-3.83,10
NOV,2013,4485.414,-3.63,11
DEC,2013,4485.714,-3.33,12
JAN,2014,4486.064,-2.98,1
FEB,2014,4486.525,-2.52,2
MAR,2014,4486.821,-2.22,3
APR,2014,4486.923,-2.12,4
MAY,2014,4486.648,-2.4,5
JUN,2014,4486.124,-2.92,6
JUL,2014,4485.411,-3.63,7
AUG,2014,4484.739,-4.31,8
SEP,2014,4484.431,-4.61,9
OCT,2014,4484.322,-4.72,10
NOV,2014,4484.388,-4.66,11
DEC,2014,4484.755,-4.29,12
JAN,2015,4485.199,-3.85,1
FEB,2015,4485.478,-3.57,2
MAR,2015,4485.661,-3.38,3
APR,2015,4485.526,-3.52,4
MAY,2015,4485.637,-3.41,5
JUN,2015,4485.441,-3.6,6
JUL,2015,4484.663,-4.38,7
AUG,2015,4483.977,-5.07,8
SEP,2015,4483.387,-5.66,9
OCT,2015,4483.17,-5.88,10
NOV,2015,4483.218,-5.83,11
DEC,2015,4483.574,-5.47,12
JAN,2016,4483.98,-5.07,1
FEB,2016,4484.366,-4.68,2
MAR,2016,4484.731,-4.31,3
APR,2016,4484.853,-4.19,4
MAY,2016,4484.586,-4.46,5
JUN,2016,4484.448,-4.6,6
JUL,2016,4483.508,-5.54,7
AUG,2016,4482.687,-6.36,8
SEP,2016,4482.039,-7.01,9
OCT,2016,4482.135,-6.91,10
NOV,2016,4482.285,-6.76,11
DEC,2016,4482.537,-6.51,12
JAN,2017,4483.102,-5.94,1
FEB,2017,4483.853,-5.19,2
MAR,2017,4484.702,-4.34,3
APR,2017,4485.501,-3.54,4
MAY,2017,4486.125,-2.92,5
JUN,2017,4486.561,-2.48,6
JUL,2017,4486.154,-2.89,7
AUG,2017,4485.594,-3.45,8
SEP,2017,4485.045,-4,9
OCT,2017,4484.975,-4.07,10
NOV,2017,4485.09,-3.96,11
DEC,2017,4485.367,-3.68,12
JAN,2018,4485.736,-3.31,1
FEB,2018,4486.08,-2.97,2
MAR,2018,4486.361,-2.68,3
APR,2018,4486.617,-2.43,4
MAY,2018,4486.406,-2.64,5
JUN,2018,4486.195,-2.85,6
JUL,2018,4485.393,-3.65,7
AUG,2018,4484.678,-4.37,8
SEP,2018,4483.968,-5.08,9
OCT,2018,4484.168,-4.88,10
NOV,2018,4484.364,-4.68,11
DEC,2018,4484.491875,-4.71,12
