UID,PTL,Total_phosphorus_mgL,Total_nitrogen_mgL,Chlorophyll_a_ugL,Secchi_m,TNTP_mol,Comment
1000015,54,0.054,4.065,1.245333333,NA,166.4634814,Secchi = 0 set to NA
1000054,19,0.019,0.429,7.76,NA,49.92934563,Secchi = 0 set to NA
1000057,14,0.014,0.15,0.422,NA,23.69274643,Secchi = 0 set to NA
1000113,85,0.085,0.035,1.858285714,NA,0.910544765,Secchi = 0 set to NA
1000130,12,0.012,0.248,1.984,NA,45.70067533,Secchi = 0 set to NA
1000160,22,0.022,0.096,1.156,NA,9.649409455,Secchi = 0 set to NA
1000186,23,0.023,0.388,1.670857143,NA,37.30405757,Secchi = 0 set to NA
1000191,60,0.06,0.508,2.864,NA,18.72253473,Secchi = 0 set to NA
1000204,11,0.011,0.85,2.38,NA,170.8749591,Secchi = 0 set to NA
1000222,31,0.031,0.58,6.12,NA,41.37314,Secchi = 0 set to NA
6216,15,0.015,0.156,3.586666667,NA,22.9977592,Secchi = 0 set to NA
6325,12,0.012,0.3,2.605714286,NA,55.283075,Secchi = 0 set to NA
6427,17,0.017,0.098,0.60020141,NA,12.74762671,Secchi = 0 set to NA
6440,71,0.071,1.105,6.376,NA,34.41566077,Secchi = 0 set to NA
6552,29,0.029,0.431,1.095384615,NA,32.86483493,Secchi = 0 set to NA
6618,150,0.15,0.845,0.410133333,NA,12.45711957,Secchi = 0 set to NA
6731,30,0.03,0.225,0.704,NA,16.5849225,Secchi = 0 set to NA
6775,137,0.137,1.103,5.141333333,NA,17.80357131,Secchi = 0 set to NA
6780,16,0.016,6.219,3.056,NA,859.5136086,Secchi = 0 set to NA
6799,355,0.355,3.195,1.572,NA,19.901907,Secchi = 0 set to NA
6826,41,0.041,0.641,1.46,NA,34.57214739,Secchi = 0 set to NA
6833,10,0.01,0.27,11.19,NA,59.705721,Secchi = 0 set to NA
6852,840,0.84,2.508,11.64,NA,6.602378671,Secchi = 0 set to NA
6888,103,0.103,1.901,2.224,NA,40.8128643,Secchi = 0 set to NA
6976,25,0.025,0.071,0.371,NA,6.28015732,Secchi = 0 set to NA
6983,25,0.025,0.099,1.744,NA,8.75683908,Secchi = 0 set to NA
7056,12,0.012,0.308,0.858666667,NA,56.75729033,Secchi = 0 set to NA
7102,14,0.014,0.244,3.04,NA,38.54020086,Secchi = 0 set to NA
7164,29,0.029,0.173,1.432,NA,13.19168548,Secchi = 0 set to NA
7188,65,0.065,0.149,2.34,NA,5.069032723,Secchi = 0 set to NA
7196,57,0.057,0.596,7.488,NA,23.12190365,Secchi = 0 set to NA
7199,928,0.928,2.731,57.23076923,NA,6.507675768,Secchi = 0 set to NA
7251,26,0.026,0.643,3.514666667,NA,54.68771881,Secchi = 0 set to NA
7277,166,0.166,0.728,32.964,NA,9.697850265,Secchi = 0 set to NA
7289,6,0.006,0.068,0.592,NA,25.06166067,Secchi = 0 set to NA
7306,20,0.02,0.206,11.64444444,NA,22.7766269,Secchi = 0 set to NA
7390,13,0.013,0.205,2.104,NA,34.87086269,Secchi = 0 set to NA
7423,4.1,0.0041,0.162,0.5,NA,87.37422585,Secchi = 0 set to NA
7498,15,0.015,0.044,14.08,NA,6.486547467,Secchi = 0 set to NA
7527,50,0.05,5.8,3.686153846,NA,256.513468,Secchi = 0 set to NA
7684,84,0.084,0.255,3.946666667,NA,6.712944821,Secchi = 0 set to NA
7735,28,0.028,0.9,22.7,NA,71.07823929,Secchi = 0 set to NA
7743,8,0.008,0.073,0.5344,NA,20.17832238,Secchi = 0 set to NA
7774,5,0.005,0.3,1.652,NA,132.67938,Secchi = 0 set to NA
7777,24,0.024,0.356,6.417,NA,32.80129117,Secchi = 0 set to NA
7827,14,0.014,0.09,1.104,NA,14.21564786,Secchi = 0 set to NA
7844,22,0.022,0.263,6.64,NA,26.43536132,Secchi = 0 set to NA
7993,39,0.039,0.338,6.624,NA,19.16479933,Secchi = 0 set to NA
7995,17,0.017,0.296,1.194666667,NA,38.50303576,Secchi = 0 set to NA
8149,29.9,0.0299,2.61,9,NA,193.0285294,Secchi = 0 set to NA
8150,61,0.061,2.515,6.24,NA,91.17175975,Secchi = 0 set to NA
8155,12,0.012,0.168,1.03,NA,30.958522,Secchi = 0 set to NA
8164,30,0.03,0.245,0.692,NA,18.05913783,Secchi = 0 set to NA
8165,65,0.065,0.083,0.701333333,NA,2.823689369,Secchi = 0 set to NA
8183,11,0.011,0.253,3.3075,NA,50.860429,Secchi = 0 set to NA
8291,34,0.034,0.141,1.429333333,NA,9.170486559,Secchi = 0 set to NA
8308,42,0.042,0.785,27.73333333,NA,41.33067988,Secchi = 0 set to NA
8424,10.5,0.0105,0.333,2.6,NA,70.13052943,Secchi = 0 set to NA
8479,4,0.004,0.083,0.725333333,NA,45.88495225,Secchi = 0 set to NA
8494,14,0.014,0.388,2.154666667,NA,61.28523743,Secchi = 0 set to NA
8514,66,0.066,0.095,0.349,NA,3.182964924,Secchi = 0 set to NA
8592,30,0.03,0.723,8.48,NA,53.2928843,Secchi = 0 set to NA
8595,33,0.033,0.318,0.829333333,NA,21.30911255,Secchi = 0 set to NA
8633,9,0.009,0.208,3.411428571,NA,51.10613156,Secchi = 0 set to NA
8647,4,0.004,0.111,1.28,NA,61.36421325,Secchi = 0 set to NA
8648,631,0.631,2.045,32.3,NA,7.166649025,Secchi = 0 set to NA
7810,452,0.452,1.199,11.28,0.0195,5.865876719,
8219,392,0.392,4.094,253.8,0.03,23.09478664,
6781,455,0.455,2.13,6.336,0.045,10.35190767,
6969,820,0.82,2.698,5.333,0.045,7.275792017,
8124,3636,3.636,51.313,233.6,0.045,31.20726543,
6656,801,0.801,2.003,6.433333333,0.065,5.529687851,
8221,1156,1.156,12.875,424,0.09,24.62870556,
8326,697,0.697,2.396,5.48,0.09,7.601621102,
6319,231,0.231,1.231,23.521,0.1,11.78414984,
6645,603,0.603,6.788,446.4,0.1,24.89296936,
7247,486,0.486,5.913,373.3333333,0.1,26.90442983,
8029,673,0.673,6.225,269.3333333,0.1,20.45391631,
7808,1730,1.73,10.3,582,0.105,13.16568029,
6532,214,0.214,0.611,3.28,0.11,6.313637164,
7559,599,0.599,5.738,460.8,0.11,21.18292383,
8547,332,0.332,1.763,76.96,0.11,11.74265798,
7237,426,0.426,3.081,93.6,0.12,15.99316001,
7530,132,0.132,4.763,80.9,0.125,79.79190492,
6236,67,0.067,1.05,15.6,0.135,34.65506194,
8393,2150,2.15,6.94,191,0.135,7.13794494,
7940,294,0.294,5.419,172,0.14,40.75904536,
8067,498,0.498,7.75,182.6666667,0.145,34.41315914,
8248,319,0.319,4.025,248.76,0.145,27.90148926,
1000119,232,0.232,3.87,82.5,0.15,36.88715522,
6345,483,0.483,2.498,133.14,0.15,11.4366146,
6723,1054,1.054,6.544,250,0.15,13.72950447,
6797,3085,3.085,9.5,426,0.15,6.809584603,
6869,193,0.193,1.339,47.8,0.15,15.34176941,
6926,265,0.265,2.023,74.8,0.15,16.88115634,
7405,1399,1.399,4.163,257.6,0.15,6.580227054,
7926,455,0.455,9.088,212,0.15,44.16813939,
7960,374,0.374,8.475,218.6666667,0.15,50.1095252,
8027,81,0.081,2.414,3.216,0.15,65.90288546,
8243,421,0.421,4.5,248,0.15,23.63646912,
8300,525,0.525,4.65,148,0.15,19.58600371,
8764,384,0.384,4.606,234.4,0.16,26.52435869,
6416,493,0.493,4.738,104,0.165,21.2520251,
6471,524,0.524,4.9,122.4,0.175,20.6784021,
6556,150,0.15,1.63,6.41,0.175,24.02970993,
6735,181,0.181,1.014,48.4,0.175,12.3882957,
8066,268,0.268,5.6,120.8,0.175,46.20674925,
8602,664,0.664,1.319,50.93333333,0.175,4.392673248,
6821,3436,3.436,13.413,35.77142857,0.18,8.632268742,
6404,261,0.261,1.194,50.4,0.185,10.11616729,
7764,209,0.209,2.85,91.1,0.185,30.15440455,
8290,392,0.392,2.233,117.6666667,0.185,12.59664352,
1000062,64,0.064,0.595,5.64,0.19,20.55839352,
6482,437,0.437,1.061,6.528,0.19,5.368910076,
7633,411,0.411,2.256,72,0.19,12.13806493,
6525,119,0.119,1.09,8.68,0.195,20.25497538,
6341,256,0.256,1.511,12.88,0.2,13.05198849,
6373,158,0.158,1.254,78.33333333,0.2,17.55062685,
6646,87,0.087,0.95,13.4,0.2,24.14663046,
8141,425,0.425,4.363,97.6,0.2,22.70118176,
8787,237,0.237,1.648,39.68,0.205,15.37662576,
7856,336,0.336,3.863,148.32,0.22,25.42363318,
1000126,275,0.275,1.76,86.56,0.225,14.1524672,
6212,147,0.147,1.249,10.36,0.225,18.78872399,
6414,212,0.212,0.554,25.6,0.225,5.778645953,
6530,193,0.193,3.05,91.9,0.225,34.94577798,
6971,201,0.201,0.553,24.48,0.225,6.083888652,
7475,234,0.234,0.628,10.42,0.225,5.934661726,
8509,542,0.542,3.25,173.2,0.225,13.25977814,
8635,138,0.138,1.36,111.2,0.23,21.79274841,
1000085,310,0.31,1.058,32.26666667,0.24,7.5470314,
6477,159,0.159,0.939,34.4,0.24,13.05932262,
8328,390,0.39,4.175,143.6,0.24,23.67249622,
8330,86,0.086,1.199,25.4,0.245,30.82995671,
1000025,705,0.705,7.844,764.64,0.25,24.60371292,
6541,191,0.191,0.958,6.613333333,0.25,11.09134782,
6574,272,0.272,4.638,107.2,0.25,37.7063091,
6661,215,0.215,0.708,7.82,0.25,7.281938065,
6755,397,0.397,1.38,51.6,0.25,7.68671471,
6794,167,0.167,1.07,40.09411765,0.25,14.16835695,
7278,565,0.565,1.049,13.66153846,0.25,4.105624473,
7435,225,0.225,2.109,160.64,0.25,20.72746759,
7572,572,0.572,2.129,81.6,0.25,8.230606061,
7649,359,0.359,4.781,229.7142857,0.25,29.44940185,
8279,260,0.26,2.308,160.32,0.25,19.62974417,
6570,190,0.19,1.409,44.4,0.265,16.39870583,
7778,112,0.112,2.005,111.6,0.265,39.58663049,
8129,124,0.124,3.531,64.4,0.265,62.96920575,
8596,435,0.435,6.2,218,0.27,31.51770713,
1000208,217,0.217,2.66,89.7,0.275,27.10654,
6544,187,0.187,1.921,70.76923077,0.275,22.71631809,
7023,344,0.344,1.11,33.9,0.275,7.135373634,
7059,490,0.49,3.28,109,0.275,14.80232539,
8123,116,0.116,0.878,56.26666667,0.275,16.73742753,
8251,882,0.882,3.888,241.2,0.275,9.747872816,
8318,147,0.147,1.943,56.1,0.275,29.22857544,
1000048,590,0.59,3.925,144.8,0.29,14.71091996,
6281,147,0.147,0.554,13.056,0.29,8.333829537,
6302,46,0.046,0.838,17.44,0.29,40.28453639,
7564,124,0.124,1.555,70,0.29,27.73070375,
8358,142,0.142,2.19,71.1,0.29,34.10420683,
8626,310,0.31,2.351,60.8,0.29,16.7703883,
1000021,332,0.332,0.839,6.492957746,0.3,5.588253003,
6361,77,0.077,1.348,8.586666667,0.3,38.71251174,
6395,628,0.628,1.794,69.6,0.3,6.317059653,
6654,751,0.751,3.088,62.8,0.3,9.092630391,
6840,208,0.208,2.245,135.2,0.3,23.8674045,
6843,306,0.306,2.424,14.9,0.3,17.5171469,
7243,236,0.236,3.844,203.4,0.3,36.01832886,
7307,157,0.157,0.425,58.4,0.3,5.986065446,
7815,172,0.172,1.58,48.8,0.3,20.31331593,
7971,159,0.159,3.006,115.7333333,0.3,41.80652162,
8144,151,0.151,1.536,74,0.3,22.4939876,
8153,79,0.079,0.76,8.52,0.3,21.27348709,
8427,109,0.109,1.52,71.3,0.3,30.8367978,
6250,591,0.591,3.83,176,0.31,14.33057037,
6464,240,0.24,2.401,91.2,0.31,22.12244385,
7276,230,0.23,0.351,4.288,0.31,3.374671187,
7858,432,0.432,3.59,78.56,0.31,18.37650363,
7208,123,0.123,1.32,33,0.315,23.73127122,
8325,114,0.114,1.079,101.3,0.315,20.92997822,
1000086,241,0.241,0.33,5.82,0.325,3.027952656,
6446,147,0.147,2.421,31.04,0.325,36.41913594,
6666,239,0.239,1.656,88.8,0.325,15.32197024,
6838,227,0.227,1.495,78,0.325,14.56355896,
7418,333,0.333,3.373,39.4893617,0.325,22.39877621,
7814,58,0.058,0.874,10.9,0.325,33.32235003,
8249,815,0.815,2.353,85.44,0.325,6.384347263,
8278,343,0.343,3.344,231.12,0.325,21.5587875,
1000088,237,0.237,2.304,157.86,0.33,21.49741853,
6609,103,0.103,0.678,19.71,0.33,14.55608732,
7482,839,0.839,3.68,283.2,0.33,9.699247485,
7105,185,0.185,2.745,204.48,0.34,32.81125208,
6604,144,0.144,2.234,79.8,0.345,34.30621932,
7417,1254,1.254,6.2,164,0.345,10.93317592,
1000138,44,0.044,1.19,57.2,0.35,59.80623568,
6517,200,0.2,0.985,65.2,0.35,10.89076578,
6697,272,0.272,3.125,48.96,0.35,25.40582491,
6762,89,0.089,0.655,42.66666667,0.35,16.27434343,
7063,130,0.13,1.356,21.216,0.35,23.06579991,
7178,113,0.113,1.669,29.86666667,0.35,32.66104502,
7219,87,0.087,1.548,105.6,0.35,39.3462989,
7369,144,0.144,1.905,98.66666667,0.35,29.25396052,
7483,95,0.095,0.601,57,0.35,13.98952761,
7504,1689,1.689,6.188,217.6,0.35,8.101638084,
7770,36,0.036,0.65,7.52,0.35,39.92666528,
7802,243,0.243,2.358,77.2,0.35,21.45802319,
7955,165,0.165,2.343,118.8,0.35,31.4007866,
7286,327,0.327,3.14,93.6,0.355,21.23411076,
8023,159,0.159,1.326,74.56,0.355,18.44159936,
8394,116,0.116,1.016,63.2,0.355,19.36813938,
6577,88,0.088,1.958,21.6,0.36,49.20193675,
7217,91,0.091,1.136,57.28,0.365,27.60508712,
8811,88,0.088,0.898,27.2,0.365,22.56554607,
6449,72,0.072,1.258,21.48,0.375,38.63672686,
6551,188,0.188,1.65,50.3,0.375,19.40788803,
7416,97,0.097,1.318,64.8,0.375,30.04663623,
7729,129,0.129,1.296,92.8,0.375,22.21608223,
7738,103,0.103,1.16,70.8,0.375,24.90422019,
8060,83,0.083,2.82,34.572,0.375,75.13169711,
1000022,114,0.114,2.894,30.24,0.385,56.13656809,
7242,208,0.208,2.146,90.667,0.385,22.8148998,
7229,166,0.166,0.282,3.3,0.39,3.756584855,
8264,23.9,0.0239,1.39,99,0.39,128.6083251,
1000019,383,0.383,0.895,3.024,0.395,5.167451919,
7449,279,0.279,3.333,81.12,0.4,26.41698767,
7942,159,0.159,2.894,92.8,0.4,40.24886014,
7945,259,0.259,3.875,80,0.4,33.08446573,
8532,113,0.113,0.92,40,0.4,18.00369168,
8655,171,0.171,0.743,14.176,0.4,9.608263094,
8614,359,0.359,3,30.72,0.405,18.47902228,
8028,450,0.45,3.663,48.467,0.41,18.00016922,
8075,128,0.128,1.949,105.984,0.41,33.67084787,
7173,76,0.076,3.058,12.667,0.415,88.97665439,
8071,501,0.501,2.259,43.1,0.415,9.970815683,
6481,173,0.173,0.588,3.84,0.42,7.515941757,
6267,106,0.106,1.85,144.8,0.425,38.59384481,
6877,63,0.063,0.658,25.25714286,0.425,23.09604022,
7028,71,0.071,0.97,26.8,0.425,30.21103254,
7714,554,0.554,2.563,57,0.425,10.23036254,
7921,962,0.962,6.6,171,0.425,15.17123888,
8087,110,0.11,1.994,40.8,0.425,40.08525511,
8159,566,0.566,17.4,19.73333333,0.425,67.98060106,
8220,873,0.873,3.513,114.9333333,0.425,8.898485337,
8293,125,0.125,1.524,12.48,0.425,26.96045002,
8265,53,0.053,0.443,31,0.43,18.48332243,
7125,175,0.175,1.354,86,0.435,17.10932195,
8387,155,0.155,1.215,62.6,0.435,17.333919,
6841,254,0.254,2.75,59.2,0.44,23.94148917,
1000217,36,0.036,1.18,14.7,0.45,72.48225389,
1000218,155,0.155,2.16,146,0.45,30.815856,
6417,126,0.126,1.951,23.36,0.45,34.24040613,
6603,198,0.198,0.795,8.72,0.45,8.878796894,
6684,236,0.236,2.693,62.8,0.45,25.23344423,
6744,79,0.079,0.899,60.48,0.45,25.16429591,
6777,81,0.081,0.89,42.56,0.45,24.29725272,
6918,427,0.427,1.948,74,0.45,10.08819017,
7377,176,0.176,1.808,92,0.45,22.71631809,
7404,82,0.082,0.76,27.2,0.45,20.49518878,
7425,86,0.086,2.049,50.4,0.45,52.68605613,
7775,277,0.277,4.45,28,0.45,35.52486408,
7845,140,0.14,1.623,92.016,0.45,25.63555164,
7896,107,0.107,1.416,77.76,0.45,29.26386325,
7924,132,0.132,1.756,59.6,0.45,29.41729688,
7927,44,0.044,0.779,36.24,0.45,39.15046857,
8044,29,0.029,0.26,53.02857143,0.45,19.82565448,
8229,267,0.267,0.993,16.64,0.45,8.224133854,
8341,84,0.084,0.853,26.88,0.45,22.45545856,
8654,135,0.135,1.139,65.33333333,0.45,18.65701405,
6585,76,0.076,1.674,121.2,0.46,48.70729871,
8462,128,0.128,2.12,40.5,0.47,36.62503719,
1000018,88,0.088,0.806,26.6,0.475,20.25370839,
6222,43,0.043,1.511,23.52,0.475,77.7048617,
6534,124,0.124,1.041,49.6,0.475,18.56441325,
6685,68,0.068,0.851,8.112,0.475,27.67405696,
6695,30,0.03,0.69,6.77,0.475,50.860429,
7107,610,0.61,1.784,17.28,0.475,6.467213495,
7501,153,0.153,1.019,80.8,0.475,14.72770024,
7532,35,0.035,0.596,2.125,0.475,37.65567166,
8121,107,0.107,1.385,59.2,0.48,28.62319958,
6851,68,0.068,0.643,21.71428571,0.485,20.91001013,
7402,17,0.017,1.18,38.8,0.49,153.4918318,
7652,289,0.289,1.395,77.44,0.495,10.67403317,
1000185,59,0.059,1.57,14.8,0.5,58.84367983,
6543,144,0.144,3.031,53.6,0.5,46.54527787,
6716,107,0.107,1.268,68.16,0.5,26.20521088,
8151,88,0.088,1.226,53.92,0.5,30.80774998,
8470,36,0.036,0.365,15.3,0.5,22.42035819,
8554,110,0.11,1.126,66.6,0.5,22.63590635,
8118,135,0.135,1.295,56.66666667,0.51,21.21232063,
8289,235,0.235,2.289,86.4,0.51,21.53922701,
8660,94,0.094,1.219,51.2,0.51,28.67662486,
1000120,47,0.047,1.168,25.65333333,0.525,54.95372902,
7394,58,0.058,1.078,35.76,0.525,41.10010679,
7526,317,0.317,2.713,82.24,0.525,18.92529747,
8126,137,0.137,3.4,25.46666667,0.525,54.87954891,
7094,96,0.096,0.803,45.6,0.53,18.49679551,
7371,151,0.151,0.531,21.72,0.545,7.776241808,
1000010,66,0.066,1.226,55.84,0.55,41.07699997,
1000063,132,0.132,3.84,85.3,0.55,64.32939636,
1000154,57,0.057,1.35,77.2,0.55,52.37343947,
6381,50,0.05,1.923,29.92,0.55,85.04748258,
6475,274,0.274,2.408,41.4,0.55,19.43381673,
6536,129,0.129,1.316,34.08,0.55,22.55892301,
6576,55,0.055,0.429,4.7,0.55,17.2483194,
6628,112,0.112,0.538,11.664,0.55,10.62224798,
6662,45,0.045,0.708,47.1,0.55,34.79148187,
6805,58,0.058,0.579,24.48,0.55,22.07510374,
7039,545,0.545,1.978,41.952,0.55,8.025682374,
7068,99,0.099,3.125,19.48,0.55,69.80186237,
7109,30,0.03,0.349,2.902857143,0.55,25.72505757,
7392,88,0.088,0.92,52.4,0.55,23.11837682,
7548,53,0.053,0.84,32.48,0.55,35.0473834,
7552,390,0.39,2.238,59.73333333,0.55,12.68959198,
7640,60,0.06,0.869,40.64,0.55,32.02732812,
7821,259,0.259,1.055,15.34,0.55,9.007512606,
7846,58,0.058,0.788,13.22666667,0.55,30.04349179,
7909,50,0.05,1.279,11.30666667,0.55,56.56564234,
8011,62,0.062,0.864,20.08,0.55,30.815856,
8203,122,0.122,1.753,98,0.55,31.77417393,
8277,209,0.209,1.703,76.8,0.55,18.01857928,
8438,416,0.416,1.545,12.976,0.55,8.212726046,
8651,63,0.063,2.59,24.48,0.55,90.90994556,
8169,14,0.014,0.198,10.4,0.555,31.27442529,
8416,69,0.069,1.305,46,0.555,41.82284804,
8342,116,0.116,1.713,25.28,0.56,32.65514051,
7734,111,0.111,0.896,11.632,0.565,17.84995863,
8115,182,0.182,2.73,45.12,0.57,33.169845,
6768,241,0.241,1.271,87.7,0.575,11.66220553,
7586,64,0.064,0.731,49.12,0.575,25.25745489,
8145,121,0.121,0.744,23.89333333,0.575,13.59689514,
8469,191,0.191,2.185,15.472,0.575,25.29707202,
1000158,47,0.047,0.785,6.08,0.6,36.93379904,
6394,120,0.12,1.099,109.584,0.6,20.25203314,
6564,37,0.037,0.606,16.16,0.6,36.21788481,
6927,60,0.06,0.534,20,0.6,19.6807747,
7357,304,0.304,1.841,72.92571429,0.6,13.39159751,
7581,69,0.069,1.885,30.13333333,0.6,60.41078051,
6270,190,0.19,1.71,0.65,0.605,19.901907,
7053,114,0.114,0.561,66.56,0.61,10.88203687,
6342,43,0.043,0.824,15.62,0.62,42.37511981,
1000084,59,0.059,0.723,12.01333333,0.625,27.09807676,
7092,36,0.036,0.679,24.32,0.625,41.70800881,
7133,1344,1.344,2.068,8.56,0.625,3.40254164,
8311,419,0.419,2.133,1.914,0.625,11.25716458,
7135,246,0.246,0.389,4.305882353,0.63,3.496766858,
7067,302,0.302,2.336,24.4,0.64,17.10480307,
7963,81,0.081,0.815,35.4,0.64,22.24973142,
8435,46,0.046,1.353,2.197333333,0.64,65.04173954,
1000207,86,0.086,0.9,77.8,0.65,23.14175233,
6374,95,0.095,1.03,48.54545455,0.65,23.97539674,
6754,109,0.109,1.694,44,0.65,34.36679965,
6963,41,0.041,0.344,4.672,0.65,18.55353932,
7108,84,0.084,1.223,51.2,0.65,32.19580987,
7126,688,0.688,0.551,12,0.65,1.770986879,
7339,136,0.136,1.271,71.2,0.65,20.66611421,
7344,219,0.219,0.923,27.36,0.65,9.319868169,
7459,62,0.062,0.51,17.5,0.65,18.189915,
7531,70,0.07,0.854,34.48888889,0.65,26.9781406,
7537,70,0.07,1.084,64,0.65,34.24391617,
7839,81,0.081,2.853,88.8,0.65,77.88771011,
7983,91,0.091,0.871,43.2,0.65,21.16552014,
8026,27,0.027,0.321,17.25714286,0.65,26.29017344,
8062,107,0.107,1.019,9.52,0.65,21.05923493,
8600,51,0.051,0.841,23.04,0.65,36.46514986,
6742,78,0.078,0.883,11.296,0.655,25.03331037,
7054,146,0.146,0.875,64.672,0.665,13.25279195,
8496,99,0.099,0.624,25.76,0.665,13.93803588,
7137,125,0.125,0.573,3.101538462,0.675,10.13670463,
7228,12,0.012,0.389,10,0.675,71.68372058,
7826,44,0.044,1.471,31.84,0.675,73.92854848,
7836,77,0.077,1.421,34.64,0.675,40.80896082,
8008,91,0.091,0.601,5,0.675,14.6044519,
8021,80,0.08,0.791,26.76,0.675,21.86445616,
8553,48,0.048,0.51,19.04,0.675,23.49530688,
8624,55,0.055,1.019,39.5,0.675,40.96978431,
8634,187,0.187,3.125,45.6,0.675,36.95392714,
6636,68,0.068,1.194,8.16,0.68,38.82823032,
1000029,41,0.041,0.23,18.88,0.69,12.40498268,
6860,35,0.035,0.59,37.28,0.69,37.27658771,
6456,47,0.047,0.65,10.576,0.7,30.5821266,
6469,66,0.066,0.49,24.96,0.7,16.41739803,
6584,71,0.071,0.775,24.64,0.7,24.13768063,
6696,1378,1.378,1.453,13.28,0.7,2.331678025,
7061,91,0.091,1.31,20.4,0.7,31.8333311,
7141,30,0.03,1.026,26.24,0.7,75.6272466,
7455,40,0.04,0.55,16.32,0.7,30.40569125,
7644,67,0.067,4.213,39.2,0.7,139.0493104,
7830,140,0.14,0.838,7.428571429,0.7,13.23634767,
8640,9,0.009,0.295,2.445714286,0.7,72.48225389,
7635,159,0.159,0.691,81.28,0.705,9.61021505,
7282,62,0.062,1.188,59.36,0.71,42.371802,
6232,46,0.046,0.519,3.144,0.725,24.94949211,
6853,322,0.322,3.775,42.576,0.725,25.92467182,
7414,147,0.147,2.4,38.736,0.725,36.10323265,
7637,41,0.041,0.845,36.25714286,0.725,45.57482768,
8502,43,0.043,0.476,28,0.725,24.47883135,
8642,164,0.164,1.778,88.8,0.725,23.9739774,
8487,109,0.109,1.475,64.32,0.735,29.92386628,
1000073,49,0.049,0.97,14.5,0.75,43.77516959,
6233,25,0.025,0.82,16.32,0.75,72.5313944,
6566,203,0.203,1.956,6.8,0.75,21.30713196,
7238,57,0.057,1.023,9.955555556,0.75,39.68742858,
7368,37,0.037,0.344,8.945454545,0.75,20.55932735,
7558,42,0.042,0.57,26,0.75,30.01081214,
7723,54,0.054,1.453,18.5,0.75,59.50096887,
8014,76,0.076,0.998,35.6,0.75,29.03816255,
8409,59,0.059,0.765,33.12,0.75,28.6722389,
8675,25,0.025,0.466,11.472,0.75,41.21906072,
8676,57,0.057,0.965,35.76,0.75,37.43731044,
8463,32,0.032,1.29,21.7,0.76,89.14395844,
8477,26,0.026,0.14,3.513333333,0.76,11.90712385,
6462,67,0.067,1.068,29.4,0.765,35.24914872,
1000026,26,0.026,0.61,14.85714286,0.775,51.88103962,
6243,46,0.046,0.588,15.408,0.775,28.26647661,
6599,138,0.138,1.953,27.2,0.775,31.29502767,
7292,56,0.056,0.449,32,0.775,17.73007191,
6586,204,0.204,1.264,40.8,0.78,13.70153075,
7266,26,0.026,0.485,12.64,0.785,41.24967904,
1000011,45,0.045,0.99,23.04,0.8,48.649106,
7057,23,0.023,0.211,1.56,0.8,20.28648491,
7350,153,0.153,1.564,17.28,0.8,22.60463511,
7372,54,0.054,0.44,21.4,0.8,18.01818741,
7954,53,0.053,0.524,9.552,0.8,21.86289155,
8665,88,0.088,1.433,44.48,0.8,36.00938476,
6235,434,0.434,2.38,111,0.805,12.12661,
7041,50,0.05,0.86,14.34666667,0.81,38.0347556,
8778,75,0.075,1.17,43.84,0.82,34.4966388,
1000079,23,0.023,3.663,13.41538462,0.825,352.1772239,
6550,48,0.048,1.2,15.5,0.825,55.283075,
6796,95,0.095,1.024,29.33333333,0.83,23.83573423,
7460,366,0.366,1.993,33.6,0.83,12.04143918,
7462,684,0.684,1.8,88,0.83,5.819271053,
7518,88,0.088,2.085,19.15,0.83,52.3932779,
6964,91,0.091,1.901,17.17333333,0.84,46.19478047,
6249,28,0.028,0.594,11.77142857,0.85,46.91163793,
6252,83,0.083,2.08,42.29,0.85,55.41628723,
6321,61,0.061,0.838,29.33333333,0.85,30.37850285,
6866,401,0.401,1.278,93,0.85,7.04755809,
7043,7,0.007,0.313,2.901333333,0.85,98.87772843,
7122,77,0.077,0.8,24.92,0.85,22.97478442,
7209,39,0.039,0.399,21.64,0.85,22.62353531,
7244,23,0.023,0.419,3.592,0.85,40.28453639,
7290,38,0.038,0.571,6.453333333,0.85,33.22803771,
7645,78,0.078,1.875,8.4,0.85,53.15680288,
7829,148,0.148,1.308,60.912,0.85,19.54331408,
8171,45,0.045,0.756,25.44,0.85,37.1502264,
8178,36,0.036,1.145,21.8,0.85,70.33235653,
8194,32,0.032,0.87,19.6,0.85,60.12034406,
8284,72,0.072,1.96,18.69333333,0.85,60.19712611,
8497,25,0.025,0.739,33.76,0.85,65.36670788,
8659,50,0.05,0.618,13.97333333,0.85,27.33195228,
6546,128,0.128,2.693,24.96,0.86,46.5241628,
6478,65,0.065,0.259,2,0.875,8.811271646,
6572,361,0.361,1.453,100.5333333,0.875,8.900421936,
6774,62,0.062,1.808,55.8,0.875,64.485032,
7446,45,0.045,0.705,33.92,0.875,34.64406033,
8327,68,0.068,1.133,30.08,0.875,36.84454351,
8499,89,0.089,0.986,59.36,0.875,24.49847728,
8773,27,0.027,0.456,7.968,0.875,37.34678844,
6587,35,0.035,0.371,25.4,0.88,23.4400238,
6451,41,0.041,0.96,5.79,0.885,51.77731902,
7095,80,0.08,0.538,11.504,0.885,14.87114718,
1000087,53,0.053,0.968,36.64,0.9,40.38793706,
7701,91,0.091,1.373,20.36923077,0.9,33.36424702,
6606,53,0.053,0.885,8.564705882,0.91,36.92492179,
6614,27,0.027,0.326,4.336,0.91,26.6996777,
8482,86,0.086,1.19,15.1,0.91,30.59853919,
6668,30,0.03,0.65,11.4,0.915,47.91199833,
8408,39,0.039,0.529,16.32,0.925,29.99461197,
8505,17,0.017,0.331,4.768,0.925,43.05575959,
1000060,25,0.025,0.596,12.08,0.93,52.71794032,
8186,81,0.081,0.616,21.37142857,0.93,16.81697491,
7179,21,0.021,0.344,7.912,0.94,36.22357676,
8385,65,0.065,0.604,5.32,0.94,20.54829372,
1000193,39,0.039,1.16,10.3,0.95,65.7726841,
6346,45,0.045,0.968,14.688,0.95,47.56801476,
6415,33,0.033,0.439,25.76,0.95,29.41729688,
6447,60,0.06,0.606,10.11428571,0.95,22.3343623,
6535,36,0.036,0.521,0.05,0.95,32.00275786,
6870,28,0.028,0.383,4.64,0.95,30.24773961,
6919,105,0.105,1.31,19.4,0.95,27.58888695,
7151,158,0.158,0.828,27.9,0.95,11.58845218,
7205,28,0.028,1.589,12.704,0.95,125.4925803,
7385,109,0.109,1.198,48.64,0.95,24.30426563,
7757,40,0.04,0.89,15.2,0.95,49.20193675,
7862,51,0.051,0.349,12.8,0.95,15.1323868,
8012,65,0.065,1.304,27.57333333,0.95,44.36254142,
8122,37,0.037,0.33,24.48,0.95,19.72261054,
8242,104,0.104,0.9,24.1,0.95,19.13644904,
7685,180,0.18,1.573,5.12,0.96,19.32450599,
7370,58,0.058,1.051,17.2,0.965,40.07069781,
1000111,41,0.041,0.773,21.12,0.975,41.69152876,
1000190,48,0.048,1.078,5.155555556,0.975,49.66262904,
7933,69,0.069,1.35,24.8,0.975,43.26501522,
8480,100,0.1,1.368,20,0.975,30.25089864,
8728,50,0.05,0.955,10.88,0.975,42.2362693,
7703,38,0.038,1.19,18.24,0.99,69.24932553,
1000107,74,0.074,1.074,42.88,1,32.09406624,
1000188,24,0.024,0.68,7.43,1,62.65415167,
6776,75,0.075,1.15,13.3,1,33.90695267,
6815,46,0.046,0.623,21.92,1,29.94900498,
7466,25,0.025,0.316,5.568,1,27.95112272,
7587,175,0.175,1.369,22.29333333,1,17.29886393,
7593,27,0.027,0.473,0.867175573,1,38.73910293,
7805,112,0.112,1.28,22.72,1,25.27226286,
8073,28,0.028,1.348,10.8,1,106.4594073,
8193,49,0.049,0.76,22.1,1,34.29807102,
8275,99,0.099,3.094,13,1,69.1094279,
8625,25,0.025,1.744,7.936,1,154.2618925,
1000080,38,0.038,0.79,17.04,1.025,45.97224132,
7791,46,0.046,0.626,32.52,1.03,30.0932217,
1000067,85,0.085,1.048,26.72,1.05,27.26431181,
1000083,35,0.035,0.89,21.3,1.05,56.23078486,
1000109,56,0.056,0.97,72.4,1.05,38.30327339,
1000137,134,0.134,0.29,8.72,1.05,4.78569903,
6326,32,0.032,0.498,11.49333333,1.05,34.41371419,
6718,66,0.066,0.691,16.16,1.05,23.15188171,
6823,93,0.093,0.471,31.36,1.05,11.199281,
6856,108,0.108,0.7,14.72,1.05,14.33264907,
6871,709,0.709,1.931,10.8,1.05,6.022658269,
7375,33,0.033,0.379,9.386666667,1.05,25.39670961,
7503,37,0.037,0.506,6.348,1.05,30.24133616,
7579,46,0.046,1.359,38.4,1.05,65.33017298,
7590,79,0.079,0.696,22.56,1.05,19.48203554,
7984,64,0.064,0.771,30,1.05,26.63953177,
8010,32,0.032,54,7.413333333,1.05,3731.607563,
8016,244,0.244,1.775,39.2,1.05,16.08646855,
8022,39,0.039,0.599,12.42666667,1.05,33.96365326,
8176,753,0.753,2.9,35.56923077,1.05,8.5163834,
8316,39,0.039,0.629,10.608,1.05,35.66467095,
8457,48,0.048,0.474,18.18666667,1.05,21.83681463,
8601,42,0.042,0.611,12.352,1.05,32.1694846,
8662,98,0.098,1.236,20.4,1.05,27.88974722,
8672,32,0.032,0.205,8.288,1.05,14.16628797,
8761,24,0.024,0.763,3.744,1.05,70.30164371,
6722,45,0.045,0.506,12.97777778,1.075,24.86509862,
7964,61,0.061,0.448,36.6,1.095,16.24053613,
1000115,20,0.02,0.29,18,1.1,32.0641835,
6285,50,0.05,0.823,44.26666667,1.1,36.39837658,
6613,25,0.025,0.328,3.896,1.1,29.01255776,
6905,77,0.077,0.611,22.24,1.1,17.5469916,
6929,18,0.018,0.33,5.152,1.1,40.54092167,
7477,15,0.015,0.053,0.112685714,1.1,7.813341267,
7490,124,0.124,0.694,41.6,1.1,12.3762755,
7574,82,0.082,1.699,3,1.1,45.81753387,
7895,44,0.044,0.733,21.7,1.1,36.83863089,
8201,36,0.036,0.74,19.22,1.1,45.45497278,
8500,69,0.069,0.763,26.08,1.1,24.45274564,
1000123,36,0.036,0.514,3.568,1.125,31.57277839,
6977,240,0.24,1.418,62.4,1.125,13.06523339,
8157,31,0.031,0.435,10.72,1.125,31.029855,
6868,118,0.118,0.428,11.84,1.14,8.020730881,
8759,36,0.036,0.459,14,1.145,28.19436825,
6643,68,0.068,0.358,12.096,1.15,11.64196521,
6683,70,0.07,1.555,3.688,1.15,49.12296093,
6798,26,0.026,0.395,5.536,1.15,33.59509942,
6800,49,0.049,0.465,15.728,1.15,20.98500398,
6830,28,0.028,0.368,7.586206897,1.15,29.06310229,
6831,20,0.02,0.303,6.528,1.15,33.50154345,
7138,47,0.047,0.583,9.5,1.15,27.42981509,
7210,49,0.049,0.593,19.08571429,1.15,26.7615212,
7255,34,0.034,0.689,17.12,1.15,44.81181021,
7595,52,0.052,0.78,52.69,1.15,33.169845,
8245,84,0.084,2.42,32.508,1.15,63.70716262,
8324,35,0.035,0.85,28.93,1.15,53.70355857,
8594,28,0.028,0.223,1.0944,1.15,17.61160818,
8652,21,0.021,0.353,7.84,1.15,37.17128662,
8776,43,0.043,0.534,5.702857143,1.15,27.46154609,
1000211,117,0.117,0.48,20.68571429,1.175,9.072094359,
6915,62,0.062,2.034,72.8,1.175,72.545661,
8167,40,0.04,0.621,16.24,1.175,34.33078958,
8168,27,0.027,0.376,14.13,1.175,30.7947203,
8556,28,0.028,0.603,12.37333333,1.175,47.62242032,
8777,55,0.055,0.645,4.2,1.175,25.93278791,
7232,5,0.005,0.149,1.22,1.195,65.8974254,
1000135,27,0.027,0.82,20.4,1.2,67.15869852,
6399,38,0.038,0.291,13.248,1.2,16.93407876,
6428,75,0.075,0.775,22.56,1.2,22.85033767,
6507,24,0.024,0.505,1.58,1.2,46.52992146,
6622,30,0.03,0.47,6.848,1.2,34.64406033,
7022,42,0.042,1.62,6.616,1.2,85.29388714,
7410,19,0.019,0.179,7.376,1.2,20.83299037,
7535,20,0.02,0.456,8.576,1.2,50.4181644,
8266,67,0.067,1.891,13.7,1.2,62.41211631,
8397,40,0.04,1.401,18.32,1.2,77.45158808,
1000099,30,0.03,0.61,15.392,1.225,44.96356767,
6421,47,0.047,0.628,9.92,1.225,29.54703923,
6720,138,0.138,0.645,4.714666667,1.225,10.33553141,
1000093,96,0.096,1.999,2.66,1.23,46.04619455,
6437,28,0.028,0.504,12.59354839,1.23,39.803814,
6555,5,0.005,0.56,4.56,1.23,247.668176,
8481,19,0.019,0.79,13.8,1.245,91.94448263,
1000220,27,0.027,0.68,13.9,1.25,55.69257926,
6644,55,0.055,0.615,13.648,1.25,24.72661173,
6806,26,0.026,0.193,8.48,1.25,16.41482073,
6839,17,0.017,0.764,6.08,1.25,99.37945718,
7001,36,0.036,0.958,21.04,1.25,58.84576206,
7671,147,0.147,1.636,81.12,1.25,24.61037026,
7828,40,0.04,0.9,15.16,1.25,49.7547675,
8116,49,0.049,0.618,13.44,1.25,27.88974722,
8404,23,0.023,0.874,7.536,1.25,84.030274,
8302,339,0.339,1.599,3.296,1.275,10.43039964,
7260,24,0.024,0.368,9.248,1.28,33.90695267,
1000023,92,0.092,1.06,46.9,1.3,25.47828674,
6424,63,0.063,0.53,7.656,1.3,18.60319349,
6669,5,0.005,0.56,4.28,1.3,247.668176,
6804,42,0.042,0.688,5.904,1.3,36.22357676,
7149,29,0.029,0.601,10.88,1.3,45.82776286,
7364,5,0.005,0.57,2.32,1.3,252.090822,
7374,25,0.025,0.376,17.52,1.3,33.25829792,
8135,82,0.082,0.904,13.44,1.3,24.37848771,
7265,43,0.043,0.754,15.504,1.32,38.77529167,
1000052,44,0.044,0.569,19.34883721,1.325,28.59642698,
6808,167,0.167,1.735,16.52,1.325,22.97392458,
6809,24,0.024,0.52,4.533333333,1.325,47.91199833,
8301,47,0.047,0.691,15.76,1.325,32.51115304,
8646,35,0.035,0.979,11.968,1.325,61.85386334,
1000053,35,0.035,0.805,11.2,1.35,50.860429,
1000170,75,0.075,0.373,2.144,1.35,10.99764639,
6396,25,0.025,0.379,13.376,1.35,33.52365668,
6397,37,0.037,0.238,4.697142857,1.35,14.22418578,
6575,96,0.096,1.855,33.6,1.35,42.72921005,
6647,26,0.026,0.436,7.9,1.35,37.08218569,
6939,44,0.044,0.486,11.42857143,1.35,24.42506768,
7027,32,0.032,0.186,2.821333333,1.35,12.85331494,
7154,83,0.083,1.466,14.25,1.35,39.05782552,
7433,21,0.021,0.296,9.696,1.35,31.16912419,
8000,25,0.025,0.63,10.88,1.35,55.7253396,
6412,52,0.052,1.503,0.05,1.37,63.91573979,
6537,25,0.025,1.26,3.47,1.375,111.4506792,
8086,33,0.033,0.34,11.952,1.375,22.78332788,
8591,87,0.087,1.003,105.84,1.375,25.49375826,
7972,81,0.081,0.923,12.72,1.38,25.19816209,
7132,50,0.05,0.674,18.08,1.385,29.80863404,
6874,37,0.037,0.345,5.8,1.395,20.61909284,
6411,25,0.025,1.373,10.8,1.4,121.4458592,
7058,38,0.038,0.688,7.9,1.4,40.03658484,
7136,108,0.108,0.51,5.488,1.4,10.44235861,
7794,29,0.029,0.614,8.48,1.4,46.81904559,
7840,128,0.128,1.905,5.28,1.4,32.91070559,
8545,12,0.012,0.426,3.216,1.4,78.5019665,
8810,54,0.054,0.883,9.163636364,1.4,36.15922609,
6633,19,0.019,0.596,9.226666667,1.415,69.36571095,
8782,53,0.053,0.534,10.432,1.42,22.2801223,
1000163,75,0.075,1.204,6.21,1.425,35.49910523,
6344,414,0.414,1.553,13.44,1.425,8.29513193,
6571,24,0.024,0.409,4.976,1.43,37.68462946,
6816,25,0.025,1.055,4.149333333,1.45,93.3178306,
6953,19,0.019,0.536,17.76,1.45,62.38258568,
7005,25,0.025,1.085,6.8,1.45,95.9714182,
7091,48,0.048,0.825,28.404,1.45,38.00711406,
7249,17,0.017,0.731,6.16,1.45,95.086889,
7471,74,0.074,0.93,30.312,1.45,27.79095122,
7769,27,0.027,0.248,1.27,1.45,20.31141126,
7920,51,0.051,0.758,12.88,1.45,32.86633008,
8256,21,0.021,0.448,9.066666667,1.45,47.17489067,
8321,25,0.025,0.211,1.676,1.45,18.66356612,
7496,17,0.017,1.013,7.466666667,1.46,131.7688352,
6533,18,0.018,0.321,9.84,1.47,39.43526017,
6848,33,0.033,0.696,15.9,1.475,46.63881236,
8598,22,0.022,0.1,12.816,1.475,10.05146818,
8762,59,0.059,1.044,12.288,1.475,39.12917308,
6664,43,0.043,0.574,5.237333333,1.48,29.51859074,
1000017,197,0.197,0.625,20.22857143,1.5,7.015618655,
6237,36,0.036,0.92,13.68,1.5,56.51158778,
6251,20,0.02,0.761,4.184615385,1.5,84.14084015,
7406,82,0.082,0.849,10.44,1.5,22.89528326,
7932,34,0.034,0.869,34.4,1.5,56.51881432,
8218,37,0.037,0.571,5.244,1.5,34.12609278,
8298,37,0.037,0.484,9.84,1.5,28.92649546,
8428,24,0.024,1.1,17.7,1.5,101.3523042,
8813,48,0.048,0.803,34.88,1.505,36.99359102,
8508,85,0.085,1.005,0.3148,1.51,26.14564253,
1000092,46,0.046,0.588,33.44,1.525,28.26647661,
6438,37,0.037,0.184,19,1.53,10.99684951,
6660,59,0.059,0.763,5.268571429,1.54,28.5972788,
1000144,60,0.06,0.87,28.2,1.55,32.0641835,
1000203,21,0.021,0.6,11.9,1.55,63.18065714,
6192,38,0.038,0.483,1.3,1.55,28.10707918,
6717,81,0.081,1.831,3.004,1.55,49.98681991,
6721,31,0.031,0.558,7.536,1.55,39.803814,
7298,5,0.005,0.271,0.842666667,1.55,119.8537066,
7409,34,0.034,0.476,6.496,1.55,30.958522,
7622,12,0.012,0.181,2.711111111,1.55,33.35412192,
7753,31,0.031,0.836,7.4,1.55,59.634388,
8766,54,0.054,0.299,9.28,1.55,12.24417735,
1000122,68,0.068,0.72,5.76,1.575,23.41400824,
6231,23,0.023,0.494,11.22666667,1.575,47.49537226,
7787,23,0.023,0.72,7.428571429,1.575,69.22402435,
7739,5,0.005,0.87,3.76,1.59,384.770202,
7017,22,0.022,0.699,4.8,1.6,70.25976259,
7461,28,0.028,0.231,5.645714286,1.6,18.24341475,
7737,152,0.152,1.364,38.28,1.6,19.84371429,
7776,125,0.125,0.348,8.114285714,1.6,6.156323232,
1000075,30,0.03,1.236,23.3,1.625,91.1065076,
7020,25.3,0.0253,0.488,14,1.625,42.65318672,
7959,5,0.005,0.62,10.3,1.625,274.204052,
6680,23,0.023,0.496,6.848,1.635,47.68766122,
7911,42,0.042,0.476,20,1.635,25.06166067,
7500,30,0.03,0.519,14.64,1.645,38.2558879,
1000072,49,0.049,0.781,22.48,1.65,35.24578088,
1000082,24,0.024,0.019,20.3,1.65,1.750630708,
6746,25,0.025,0.246,2.136,1.65,21.75941832,
6865,43,0.043,1.054,7.04,1.65,54.20312656,
7259,19,0.019,0.379,6.848,1.65,44.11007458,
7376,24,0.024,0.326,6.088,1.65,30.03713742,
7543,53,0.053,1.981,7.24,1.65,82.65341251,
7811,39,0.039,0.656,10.32,1.65,37.19558687,
8307,9,0.009,1.234,4.284,1.65,303.1969536,
6553,61,0.061,0.271,11.456,1.655,9.824074311,
8423,26,0.026,0.52,8.587,1.665,44.22646,
7291,31,0.031,0.126,5.968,1.675,8.987958,
7686,33,0.033,0.538,6.102857143,1.675,36.05126588,
7803,37,0.037,0.53,29.37,1.675,31.67570784,
8148,33.7,0.0337,0.778,21,1.68,51.05072089,
1000030,84,0.084,0.465,12.24,1.7,12.24125232,
6693,3590,3.59,5.119,0.708,1.7,3.153137169,
8396,49,0.049,0.941,2.592,1.7,42.46642741,
8645,31,0.031,0.298,3.56,1.7,21.257234,
8765,16,0.016,0.271,1.116,1.7,37.45428331,
7588,82,0.082,1.04,45.68,1.725,28.0460478,
7795,21,0.021,0.513,5.84,1.725,54.01946186,
8320,75,0.075,1.201,13.51111111,1.725,35.41065231,
7994,56,0.056,0.529,5.52,1.73,20.88910477,
8489,16,0.016,0.4,4.874,1.735,55.283075,
1000081,15,0.015,0.588,3.5,1.75,86.6838616,
6293,112,0.112,1.033,6.896,1.75,20.39550588,
6362,27,0.027,0.348,2.74,1.75,28.50149644,
6476,230,0.23,2.715,1.76,1.75,26.10322585,
7104,20,0.02,0.388,5.408,1.75,42.8996662,
7305,37,0.037,0.376,3.733333333,1.75,22.47182292,
7998,14,0.014,0.431,9.611428571,1.75,68.07715807,
8436,36,0.036,0.224,15.5,1.75,13.75934311,
8437,24,0.024,0.325,6.34,1.75,29.94499896,
6549,27,0.027,0.266,3.368,1.765,21.78562659,
7267,100,0.1,1.895,42.84,1.775,41.90457085,
7956,62,0.062,0.749,9.92,1.775,26.7142085,
8503,12,0.012,0.71,5.18,1.775,130.8366108,
1000032,20,0.02,0.315,5.28,1.8,34.82833725,
1000100,70,0.07,1.35,11.8,1.8,42.64694357,
6602,98,0.098,4.063,41.76,1.8,91.67964642,
7411,40,0.04,0.791,12.16,1.8,43.72891233,
8127,49,0.049,1.689,11.2,1.8,76.22294994,
8295,25,0.025,0.67,1.632,1.8,59.2634564,
8447,66,0.066,0.849,3.907692308,1.8,28.44565495,
1000101,17,0.017,0.565,16.48,1.825,73.49397029,
6253,24,0.024,0.37,3.08,1.83,34.09122958,
7812,30,0.03,0.175,6.624,1.84,12.89938417,
6195,57,0.057,0.278,8.586666667,1.85,10.78504902,
6504,11,0.011,0.114,3.12,1.85,22.91734745,
6812,27,0.027,0.414,3.8,1.85,33.90695267,
7908,21,0.021,0.445,5.6,1.85,46.85898738,
7913,54,0.054,0.31,6.16,1.85,12.69463204,
8613,15,0.015,0.395,4.68,1.85,58.23150567,
8812,1208,1.208,1.136,10.24,1.85,2.079522291,
6832,14,0.014,0.3,5.19,1.865,47.38549286,
7712,25.6,0.0256,0.593,13,1.875,51.22322418,
1000127,25,0.025,0.87,14.5,1.9,76.9540404,
6945,26,0.026,0.415,2.593333333,1.9,35.29611712,
7153,18,0.018,0.381,3.022,1.9,46.80633683,
7233,20,0.02,0.283,3.064,1.9,31.29022045,
7384,176,0.176,2.83,13.46666667,1.9,35.55706869,
7804,34,0.034,0.633,4.72,1.9,41.16963115,
8052,36,0.036,0.344,22,1.9,21.13041978,
6689,19,0.019,0.216,3.664,1.92,25.13925095,
6554,16,0.016,0.128,2.232,1.925,17.690584,
1000223,35,0.035,0.73,25.5,1.95,46.12187971,
7304,39,0.039,0.609,5.546666667,1.95,34.53065915,
8597,33,0.033,0.486,5.137777778,1.95,32.56675691,
8657,53,0.053,0.861,8.16,1.955,35.92356798,
7529,33.6,0.0336,0.428,17,1.96,28.16804298,
7168,43,0.043,0.235,5.448,1.975,12.08513733,
7421,23,0.023,0.34,16.48,1.975,32.68912261,
7923,13,0.013,0.4,3.461,1.995,68.04070769,
1000141,31,0.031,0.429,0.328,2,30.601857,
6719,27,0.027,0.463,0.334,2,37.92009441,
7698,51,0.051,0.468,2.168,2,20.29214047,
7748,36,0.036,0.688,13.984,2,42.26083956,
8045,55,0.055,1,10.9,2,40.20587273,
6608,41,0.041,0.365,8.44,2.01,19.68616817,
7155,147,0.147,1.253,15.04,2.01,18.84889605,
8156,328,0.328,1.721,23.92,2.01,11.60270391,
7464,28,0.028,0.873,9.6,2.02,68.94589211,
1000046,31,0.031,1.559,8.32,2.025,111.208147,
6923,17,0.017,0.353,3.76,2.03,45.91747171,
1000069,35,0.035,0.196,3.562666667,2.05,12.3834088,
6667,21,0.021,0.195,3.71967655,2.05,20.53371357,
7124,22,0.022,0.524,8.016,2.05,52.66969327,
7250,51,0.051,0.411,15.776,2.05,17.82066182,
7287,17,0.017,0.289,2.38,2.05,37.592491,
7754,21,0.021,0.63,6.186666667,2.05,66.33969,
8276,39,0.039,2.535,6.2,2.05,143.735995,
8142,13,0.013,0.6,6.528,2.07,102.0610615,
1000070,18,0.018,0.619,5.176,2.075,76.04494094,
8414,712,0.712,0.936,97.2,2.085,2.907020124,
7974,33,0.033,0.399,6.928,2.09,26.73690536,
1000016,20,0.02,0.16,1.424,2.1,17.690584,
1000050,21,0.021,0.74,6.22,2.1,77.92281048,
7395,45,0.045,0.744,3.104,2.1,36.56054027,
7589,19,0.019,0.428,5.893333333,2.1,49.81296021,
7620,21,0.021,0.503,6.448,2.1,52.9664509,
8360,19,0.019,0.22,1.850666667,2.1,25.60479263,
8405,32,0.032,0.396,5.512,2.1,27.36512213,
8429,20,0.02,0.78,7.15,2.1,86.241597,
1000166,35,0.035,1.476,8.32,2.105,93.25464994,
7912,29,0.029,0.354,6.656,2.11,26.9933911,
1000105,15,0.015,1.246,7.26,2.125,183.6872305,
7000,1528,1.528,1.559,3.44,2.125,2.256186228,
7264,16,0.016,0.291,2.616,2.145,40.21843706,
6634,293,0.293,1.758,16.88,2.15,13.267938,
6967,24,0.024,0.596,9.338461538,2.15,54.91452117,
7512,346,0.346,1.223,0.334,2.15,7.816323783,
7544,18,0.018,0.45,6.192,2.15,55.283075,
8661,70,0.07,2.395,27.867,2.15,75.65883693,
6714,14,0.014,0.306,1.66,2.175,48.33320271,
8128,12,0.012,0.6,3.272,2.175,110.56615,
7563,29.5,0.0295,0.34,5,2.18,25.48643458,
7106,24,0.024,0.85,4.42,2.19,78.31768958,
6189,70,0.07,1.509,7.48,2.2,47.66980581,
6524,12,0.012,0.329,3.588571429,2.2,60.62710558,
6617,43,0.043,0.573,1.815,2.2,29.46716463,
7381,28,0.028,0.766,14.048,2.2,60.49547921,
7442,17,0.017,0.803,6.056,2.2,104.4524923,
7730,475,0.475,1.888,0.576,2.2,8.789426998,
8199,16,0.016,0.431,2.432,2.2,59.56751331,
8620,28,0.028,8.063,3.528,2.2,636.7820482,
6793,21,0.021,0.445,2.064,2.225,46.85898738,
1000055,17,0.017,0.721,6.224,2.25,93.78611076,
6227,80,0.08,0.44,6,2.25,12.1622765,
6612,51,0.051,0.355,6.773333333,2.25,15.39254245,
6783,16,0.016,0.48,2.176,2.25,66.33969,
6834,16,0.016,0.396,1.171428571,2.25,54.73024425,
7450,18,0.018,0.244,4.277333333,2.25,29.97571178,
8070,17,0.017,0.468,3.204,2.25,60.87642141,
8504,104,0.104,0.511,24.1,2.25,10.86525051,
8549,31,0.031,0.536,4.18,2.25,38.234488,
8333,39.7,0.0397,0.319,6,2.26,17.76856516,
1000068,77,0.077,0.303,5.546666667,2.275,8.701699597,
6194,23,0.023,0.189,6.353333333,2.3,18.17130639,
7002,51,0.051,0.659,11.2,2.3,28.5737619,
7453,15,0.015,0.221,5.024,2.315,32.58015887,
7536,39,0.039,0.804,11.04,2.325,45.58727415,
8413,30,0.03,0.59,2.436,2.325,43.48935233,
6659,12.3,0.0123,0.334,2.8,2.33,60.04730748,
6226,32,0.032,0.323,3.568,2.345,22.32054153,
6958,34,0.034,0.329,3.73,2.35,21.39780197,
7254,59,0.059,0.289,1.944,2.35,10.83173469,
7816,19,0.019,0.294,7.725714286,2.35,34.21731379,
7257,93,0.093,0.523,45.33333333,2.355,12.43571967,
6590,14,0.014,0.153,0.892,2.375,24.16660136,
6518,21,0.021,0.261,2.272,2.385,27.48358586,
1000118,21,0.021,0.54,8.11,2.4,56.86259143,
7152,17,0.017,0.336,4.927,2.4,43.70614871,
7361,22,0.022,0.141,4.2,2.4,14.17257014,
7444,32,0.032,0.616,4.08,2.4,42.56796775,
7549,44,0.044,0.954,4.88,2.4,47.94550323,
6825,36,0.036,0.163,2.392,2.41,10.01237914,
8319,92,0.092,0.591,5.162666667,2.415,14.20534666,
1000058,26,0.026,0.72,12.64,2.425,61.23663692,
1000056,44,0.044,0.546,12,2.45,27.44050814,
6286,26,0.026,0.658,31.2,2.45,55.96348208,
6663,44,0.044,0.503,5.68,2.45,25.27944248,
6876,22,0.022,0.586,6.704,2.45,58.90160355,
8283,93,0.093,1.231,2.976,2.45,29.27030767,
7785,17,0.017,0.515,8.672,2.455,66.99007912,
7533,58,0.058,0.665,2.456,2.475,25.35396198,
7915,15,0.015,0.256,3.674666667,2.475,37.73991253,
6642,4.1,0.0041,0.0698,3.4,2.49,37.64642571,
1000047,38,0.038,0.616,3,2.5,35.84670968,
6501,152,0.152,0.305,1.915,2.5,4.437194178,
6547,46,0.046,0.734,25.76,2.5,35.28502352,
6747,10,0.01,0.245,1.192,2.5,54.1774135,
7006,44,0.044,1.805,5.408,2.5,90.71450034,
7026,52,0.052,0.254,1.756,2.5,10.80146235,
7187,118,0.118,1.536,4.056,2.5,28.78467905,
7207,25,0.025,0.213,1.624,2.5,18.84047196,
7592,16,0.016,0.558,2.813793103,2.5,77.11988963,
7953,28,0.028,0.311,7.84,2.5,24.56148046,
8048,16,0.016,0.214,1.715,2.5,29.57644513,
7419,25,0.025,0.668,5.76,2.51,59.08655056,
7636,12,0.012,0.353,4.52,2.525,65.04975158,
6217,147,0.147,1.9,3.28,2.55,28.58172585,
6300,30,0.03,0.505,18,2.55,37.22393717,
6303,22,0.022,0.166,0.05,2.55,16.68543718,ChlA = 0 set to 0.05
7189,29,0.029,0.478,2.824,2.55,36.44870324,
7451,357,0.357,1.369,1.912,2.55,8.479835258,
8282,28,0.028,0.666,5.136,2.55,52.59789707,
8025,47,0.047,0.52,23.38461538,2.575,24.46570128,
6372,30,0.03,0.18,4.52,2.6,13.267938,
6724,23,0.023,0.353,5.266666667,2.6,33.93900083,
7113,11,0.011,0.25,0.05,2.605,50.25734091,
7819,10,0.01,0.4,2.72,2.615,88.45292,
7088,64,0.064,0.48,3.272,2.625,16.5849225,
7294,8,0.008,0.208,1.712,2.63,57.494398,
6981,89,0.089,1.615,13.2,2.65,40.12681624,
7103,15,0.015,0.604,2.808,2.65,89.04260613,
8100,15,0.015,0.484,2.736,2.65,71.35202213,
1000206,30,0.03,0.199,2.96,2.675,14.66844257,
7420,10,0.01,0.3,2.448,2.68,66.33969,
8495,22,0.022,0.724,4.432,2.7,72.77262964,
6827,11,0.011,0.245,2.229090909,2.715,49.25219409,
1000108,14,0.014,0.91,6.3,2.75,143.735995,
1000161,34,0.034,0.589,1.266666667,2.75,38.30791903,
6485,16,0.016,0.309,3.066666667,2.75,42.70617544,
6601,18,0.018,0.225,3.948,2.75,27.6415375,
7042,18,0.018,0.401,2.682666667,2.75,49.26336239,
7062,316,0.316,3.55,93.71428571,2.75,24.84239446,
7571,20,0.02,0.27,3.552,2.75,29.8528605,
7793,37,0.037,0.578,4.272,2.75,34.54445119,
8198,67,0.067,0.319,5.8,2.75,10.52853787,
8013,13,0.013,0.4,3.925333333,2.755,68.04070769,
1000044,18,0.018,0.72,4.53,2.8,88.45292,
7268,24,0.024,0.285,2.56,2.8,26.25946063,
7297,17,0.017,0.329,4.208,2.825,42.79560394,
8154,11,0.011,0.5,1.68,2.825,100.5146818,
8403,22,0.022,0.46,5.344,2.825,46.23675364,
1000164,17,0.017,0.789,5.256,2.85,102.6314028,
6187,40,0.04,0.321,3.228,2.85,17.74586708,
7004,22,0.022,0.568,4.581,2.85,57.09233927,
7231,13,0.013,0.239,3.48,2.85,40.65432285,
7922,11,0.011,0.285,5.04,2.85,57.29336864,
8552,67,0.067,0.536,7.552,2.86,17.690584,
6992,20,0.02,0.3,2.192,2.865,33.169845,
1000066,14,0.014,0.558,4.48,2.875,88.13701671,
7052,45,0.045,0.744,10.22857143,2.875,36.56054027,
7463,15,0.015,0.4,6.56,2.875,58.96861333,
7758,23,0.023,0.414,2.613333333,2.885,39.803814,
1000180,17,0.017,0.53,10.7,2.9,68.94124647,
6538,131,0.131,2.668,2.732,2.9,45.03671576,
7573,38,0.038,0.659,1.786666667,2.9,38.34899624,
7719,48,0.048,0.288,3.744,2.9,13.267938,
7765,48,0.048,0.633,2.92,2.9,29.16182206,
1000043,10,0.01,0.398,3.423,2.925,88.0106554,
1000098,22,0.022,0.501,6.186666667,2.95,50.35785559,
7089,36,0.036,0.196,2.36,2.95,12.03942522,
7325,15,0.015,0.235,2.2,2.95,34.64406033,
8599,13,0.013,0.238,5.08,2.95,40.48422108,
1000146,34,0.034,1.13,4.113333333,2.975,73.49397029,
7973,64,0.064,1.61,0.220699301,2.975,55.62859422,
7226,37,0.037,0.191,11.872,3,11.41520792,
7497,18,0.018,0.088,2.356,3,10.81091244,
7761,63,0.063,0.311,11.44,3,10.91621354,
8473,6,0.006,0.3,2.412,3,110.56615,
7917,8,0.008,0.3,2.736,3.005,82.9246125,
8303,13,0.013,0.348,2.8768,3.005,59.19541569,
6789,18,0.018,0.401,4.12,3.01,49.26336239,
1000172,29,0.029,0.779,5.824,3.015,59.40071093,
1000153,31,0.031,0.318,3.015384615,3.025,22.683894,
1000116,77,0.077,0.8,5.22,3.05,22.97478442,
6670,22,0.022,0.145,2.344,3.05,14.57462886,
6966,21,0.021,0.285,3.564,3.05,30.01081214,
7520,20,0.02,0.343,3.394285714,3.05,37.92418945,
7990,29,0.029,0.275,2.34,3.05,20.96944224,
8051,50,0.05,0.581,5.6,3.05,25.69557326,
8184,16,0.016,0.215,5.993,3.05,29.71465281,
8334,120,0.12,0.265,2.116,3.05,4.883338292,
8446,21,0.021,0.415,2.692,3.05,43.69995452,
1000117,19,0.019,0.708,5.4625,3.075,82.40087811,
1000156,36,0.036,0.511,3.466666667,3.075,31.38850147,
6402,49,0.049,0.779,2.52,3.075,35.1555228,
7163,41,0.041,0.256,2.024,3.1,13.80728507,
1000096,21,0.021,0.488,2.373333333,3.125,51.38693448,
6400,26,0.026,0.094,2.034285714,3.125,7.994783154,
7859,31,0.031,0.306,0.05,3.125,21.827898,
8663,13,0.013,0.26,5.112,3.125,44.22646,
1000136,16,0.016,0.64,1.568,3.15,88.45292,
6284,16,0.016,0.136,1.16,3.15,18.7962455,
6849,43,0.043,0.83,3.744,3.15,42.68367651,
7055,12,0.012,0.279,3.136,3.15,51.41325975,
7380,20,0.02,0.254,2.896,3.15,28.0838021,
8540,9,0.009,0.35,5.104,3.15,85.99589444,
8442,25,0.025,0.746,41.84,3.16,65.98587832,
6500,17,0.017,0.129,1.83,3.2,16.78003924,
7914,35,0.035,0.661,4.76,3.2,41.76241437,
7021,19,0.019,0.073,0.9328,3.24,8.496135737,
8217,15,0.015,0.311,4.944,3.24,45.84809687,
7378,13,0.013,0.159,2.752,3.25,27.04618131,
8407,9,0.009,0.3,5.662857143,3.25,73.71076667,
8443,29,0.029,0.224,5.533333333,3.25,17.08056386,
8555,13,0.013,0.278,5.273846154,3.25,47.28829185,
7097,51,0.051,0.283,2.72,3.275,12.27067469,
7167,22,0.022,0.095,1.152,3.275,9.548894773,
6558,77.7,0.0777,0.731,6.7,3.28,20.80408125,
7773,4,0.004,0.2,1.909,3.28,110.56615,
1000162,29,0.029,0.581,2.56,3.3,44.30271252,
7148,23,0.023,0.31,2.453333333,3.3,29.80478826,
7275,88,0.088,0.415,1.771428571,3.3,10.42839824,
7982,13,0.013,0.31,5.65,3.3,52.73154846,
7996,11,0.011,0.22,1.509333333,3.3,44.22646,
8314,9,0.009,0.4,1.872,3.335,98.28102222,
6526,38,0.038,0.976,5.245714286,3.35,56.79608547,
6715,15,0.015,0.159,2.24,3.35,23.4400238,
7206,11,0.011,0.321,2.202666667,3.35,64.53042573,
7441,11,0.011,0.196,2.152,3.35,39.40175527,
7772,18,0.018,0.65,2.309,3.35,79.85333056,
7943,24,0.024,2.03,9.19,3.35,187.0410704,
8458,29,0.029,0.296,2.544,3.35,22.5707451,
6347,16,0.016,0.52,5.2,3.375,71.8679975,
8182,72,0.072,0.228,3.98,3.375,7.002522833,
7989,9.7,0.0097,0.145,2,3.385,33.05585928,
7065,29,0.029,1.314,0.63,3.4,100.1958077,
7937,4.1,0.0041,0.0839,1.5,3.4,45.25121944,
8299,10,0.01,0.225,4.48,3.4,49.7547675,
8363,9,0.009,0.3,2.256,3.4,73.71076667,
1000091,18,0.018,0.489,3.144,3.415,60.07427483,
6946,13,0.013,0.07,0.6205,3.45,11.90712385,
7379,16,0.016,0.121,5.04,3.45,16.72313019,
7565,15,0.015,0.298,1.765,3.45,43.93161693,
7747,288,0.288,0.578,2.392,3.45,4.43800241,
7422,9,0.009,0.251,2.664,3.475,61.67134144,
6398,12,0.012,0.115,2.05,3.5,21.19184542,
7396,40,0.04,0.14,1.508,3.5,7.7396305,
7528,10,0.01,0.445,4.4,3.5,98.4038735,
7650,11,0.011,0.3,15.893,3.5,60.30880909,
7957,9,0.009,0.185,5.187692308,3.505,45.45497278,
7258,38,0.038,0.259,3.701333333,3.59,15.07191203,
6470,28,0.028,0.688,3.008,3.6,54.33536514,
1000189,12,0.012,0.47,5.37,3.65,86.61015083,
6875,48,0.048,0.314,1.762857143,3.65,14.46573796,
8192,9,0.009,0.34,6.78,3.65,83.53886889,
6542,29,0.029,0.216,0.637333333,3.66,16.47054372,
1000076,10,0.01,0.395,3.032,3.675,87.3472585,
6568,27,0.027,0.49,5.808,3.675,40.13141741,
6753,110,0.11,1.48,0.525,3.675,29.75234582,
7570,6,0.006,0.3,4.565,3.685,110.56615,
1000059,17,0.017,0.52,3.2,3.7,67.64046824,
7403,41,0.041,0.531,4.384,3.7,28.63932959,
7538,69,0.069,0.479,2.712,3.7,15.35106836,
7341,7.2,0.0072,0.0643,3.2,3.725,19.7483429,
7582,15,0.015,0.278,2.82,3.74,40.98318627,
6925,28,0.028,0.585,1.7,3.75,46.20085554,
8202,17,0.017,0.39,11.39,3.75,50.73035118,
8395,37,0.037,0.424,3.516,3.75,25.34056627,
8207,9,0.009,0.234,3.188,3.785,57.494398,
6403,25,0.025,1.129,4.658333333,3.8,99.86334668,
7642,79,0.079,0.219,1.466666667,3.8,6.130123253,
7958,12,0.012,0.281,0.486857143,3.8,51.78181358,
8076,5.6,0.0056,0.0711,1.6,3.8,28.07590452,
6829,83,0.083,0.606,0.329142857,3.85,16.14532214,
7284,12,0.012,0.426,1.691,3.85,78.5019665,
7560,20,0.02,0.171,2.832,3.85,18.90681165,
7643,17,0.017,0.266,1.34,3.85,34.60070106,
6594,51,0.051,0.95,2.868,3.9,41.19131078,
7584,20,0.02,0.568,3.466666667,3.9,62.8015732,
1000132,19,0.019,0.359,2.313333333,3.925,41.78236616,
7474,12,0.012,0.239,3.208,3.925,44.04218308,
7598,7,0.007,0.81,3.06,3.95,255.8816614,
8629,36,0.036,0.355,5.493333333,3.975,21.80610181,
7740,4.1,0.0041,0.114,8,3.995,61.48556634,
6445,119,0.119,1.329,3.112,4,24.69620392,
6548,38,0.038,0.791,3.424,4,46.03043403,
6686,21,0.021,0.395,3.52,4,41.59393262,
7150,162,0.162,3.881,90.72,4,52.97620101,
6818,9,0.009,0.191,3.664,4.015,46.92918811,
6889,14,0.014,0.119,1.35,4.035,18.7962455,
7472,28,0.028,0.16,1.346666667,4.04,12.63613143,
7100,25,0.025,0.034,0.428,4.05,3.00739928,
7314,6,0.006,0.3,1.92,4.05,110.56615,
8493,17,0.017,0.593,4.165714286,4.05,77.13614935,
1000168,75,0.075,0.436,2.917333333,4.075,12.85515771,
8185,4,0.004,0.2,1.508571429,4.075,110.56615,
8390,31,0.031,0.31,4.48,4.075,22.11323,
6596,11.6,0.0116,0.137,4,4.085,26.11648716,
1000157,39,0.039,0.669,4.106666667,4.1,37.93269454,
8430,13,0.013,0.89,3.15,4.1,151.3905746,
7706,7,0.007,0.3,2.443,4.125,94.77098571,
7596,7,0.007,0.56,4,4.15,176.90584,
7707,36,0.036,1.14,2.917333333,4.15,70.02522833,
7597,6,0.006,0.3,3.044,4.16,110.56615,
6813,10,0.01,0.238,3.432,4.19,52.6294874,
6837,7,0.007,0.134,2.352,4.2,42.33104029,
6984,9,0.009,0.348,4.986666667,4.2,85.50448933,
1000219,9,0.009,0.37,5.77,4.25,90.90994556,
7767,56,0.056,0.544,3.464,4.3,21.48142343,
7190,14,0.014,0.248,1.844,4.35,39.17200743,
7224,5,0.005,0.255,2.112,4.35,112.777473,
7432,11,0.011,0.54,1.558,4.35,108.5558564,
7615,18,0.018,0.173,1.013333333,4.4,21.25327106,
7621,20,0.02,0.8,2.008,4.4,88.45292,
8061,7,0.007,0.208,1.684,4.4,65.70788343,
1000134,95,0.095,1.159,2.176,4.425,26.9781406,
7288,16,0.016,0.556,1.944,4.45,76.84347425,
8125,14,0.014,0.085,1.232941176,4.45,13.42588964,
7256,40,0.04,0.171,6.331428571,4.475,9.453405825,
1000034,24,0.024,0.5,5.15,4.5,46.06922917,
7465,12,0.012,0.075,1.908,4.5,13.82076875,
8398,8.3,0.0083,0.175,2,4.57,46.62428012,
1000103,5,0.005,0.246,2.341333333,4.575,108.7970916,
1000167,9,0.009,0.231,9.2475,4.6,56.75729033,
6959,56,0.056,0.14,1.168,4.6,5.5283075,
6970,41,0.041,0.104,0.424,4.6,5.609209561,
8478,26,0.026,0.13,1.468,4.6,11.056615,
7623,23,0.023,0.166,1.252,4.64,15.95998339,
6359,15,0.015,0.041,0.864,4.65,6.044282867,
6968,6,0.006,0.218,1.776,4.65,80.34473567,
7800,19,0.019,0.205,2.324,4.65,23.85901132,
8253,4,0.004,0.2,1.456,4.675,110.56615,
6937,17,0.017,0.103,1.296,4.7,13.39801582,
7443,11,0.011,1.116,2.16,4.7,224.3487698,
8285,4,0.004,0.231,1.668,4.7,127.7039033,
8412,14,0.014,0.285,4.16,4.7,45.01621821,
1000121,13,0.013,0.27,3.02,4.75,45.92747769,
6422,35,0.035,0.913,1.92,4.75,57.68393997,
1000039,12,0.012,1.67,2.48,4.8,307.7424508,
6472,20,0.02,0.679,2.688,4.8,75.07441585,
7424,7.5,0.0075,0.167,3.4,4.81,49.23879213,
6692,6,0.006,0.173,2.284,4.82,63.75981317,
8015,11,0.011,0.3,2.092,4.83,60.30880909,
6160,26.8,0.0268,0.339,2.7,4.835,27.97158571,
1000106,8,0.008,0.389,2.974117647,4.85,107.5255809,
6527,21,0.021,0.186,1.668,4.85,19.58600371,
7338,31,0.031,0.174,0.636,4.85,12.411942,
7340,9,0.009,0.14,1.38,4.85,34.39835778,
7263,4.1,0.0041,0.112,1.3,4.865,60.4068722,
1000173,16,0.016,0.566,2.712,4.875,78.22555113,
7064,4.1,0.0041,0.127,3.4,4.9,68.49707829,
7086,8,0.008,0.195,1.184,4.9,53.90099813,
7580,12,0.012,0.141,1.860606061,4.9,25.98304525,
7631,14,0.014,0.059,1.032,4.95,9.319146929,
8238,9,0.009,0.286,1.770666667,4.975,70.27093089,
6940,36,0.036,0.125,1.264,5,7.678204861,
8664,21,0.021,0.131,3.384,5,13.79444348,
1000094,10,0.01,0.551,1.501714286,5.075,121.8438973,
1000020,14,0.014,0.25,3.76,5.15,39.48791071,
1000110,14,0.014,0.276,0.731,5.15,43.59465343,
6792,9,0.009,0.176,1.68,5.175,43.24364978,
7798,23,0.023,0.199,1.36,5.25,19.13275117,
7841,28,0.028,0.23,3.858823529,5.25,18.16443893,
1000071,9,0.009,0.296,3.168,5.3,72.72795644,
8466,10.2,0.0102,0.149,3.8,5.3,32.30265951,
8507,10,0.01,0.44,5.14,5.3,97.298212,
6218,7,0.007,0.26,1.952,5.35,82.13485429,
7269,5,0.005,0.27,2.35,5.35,119.411442,
8329,10,0.01,0.159,5.08,5.36,35.1600357,
7429,12,0.012,0.145,1.38,5.475,26.72015292,
7200,10,0.01,0.281,0.0664,5.5,62.1381763,
6665,23,0.023,0.291,2.568,5.55,27.97804317,
1000014,30,0.03,0.445,7.064,5.6,32.80129117,
8074,39,0.039,0.19,0.769230769,5.6,10.77311205,
8543,9,0.009,0.944,1.216,5.6,231.9432124,
8641,8,0.008,0.083,1.624,5.65,22.94247613,
6228,9,0.009,0.546,2.3776,5.7,134.1535953,
8783,19,0.019,0.154,1.872,5.7,17.92335484,
8391,50,0.05,0.444,1.608,5.705,19.63654824,
7360,10,0.01,0.121,0.396,5.75,26.7570083,
7476,11,0.011,0.061,1.264,5.75,12.26279118,
7768,20,0.02,0.118,2.293333333,5.75,13.0468057,
6944,20,0.02,0.208,0.664,5.775,22.9977592,
7941,9,0.009,0.22,1.708,5.775,54.05456222,
1000202,10,0.01,0.41,2.81,5.8,90.664243,
8053,56,0.056,0.626,1.93,5.8,24.71943211,
1000169,53,0.053,0.139,1.130666667,5.85,5.799507491,
7389,10,0.01,0.23,1.588,5.9,50.860429,
1000152,25,0.025,0.21,1.4016,5.95,18.5751132,
8119,7,0.007,0.145,2.432,5.95,45.80597643,
8590,7,0.007,0.261,1.472,5.95,82.45075757,
7230,33,0.033,0.294,0.650666667,6,19.70087764,
1000112,8,0.008,0.379,1.530666667,6.05,104.7614271,
7321,11,0.011,0.166,0.464,6.05,33.37087436,
1000097,10,0.01,0.136,1.851428571,6.15,30.0739928,
8200,10,0.01,0.901,1.782,6.15,199.2402023,
1000147,15,0.015,0.65,2.58,6.2,95.82399667,
6741,10,0.01,0.135,1.143225806,6.2,29.8528605,
8542,40,0.04,0.256,0.8896,6.2,14.1524672,
7225,24,0.024,0.14,0.92,6.225,12.89938417,
8486,16,0.016,0.069,1.134,6.225,9.536330438,
8444,50,0.05,0.239,1.4868,6.375,10.57012394,
7796,4.8,0.0048,0.156,9,6.38,71.8679975,
6858,6,0.006,0.133,1.74,6.45,49.01765983,
8472,26,0.026,0.188,1.6416,6.45,15.98956631,
8650,13,0.013,0.389,3.253333333,6.45,66.16958823,
8627,15,0.015,0.014,0.652,6.48,2.063901467,
1000159,37,0.037,0.109,2.04,6.725,6.514438027,
7949,23,0.023,0.17,5.323076923,6.75,16.3445613,
6854,7,0.007,0.176,1.52,6.85,55.59897829,
6999,15,0.015,0.146,1.02,6.875,21.52354387,
8422,5,0.005,0.7,1.8,6.9,309.58522,
7534,6,0.006,0.2,2.02,6.95,73.71076667,
7431,10,0.01,0.153,0.932,7.075,33.8332419,
6795,29,0.029,0.135,0.92,7.09,10.29408983,
7413,23,0.023,0.029,0.441142857,7.1,2.78818987,
1000194,41,0.041,0.456,1.385806452,7.2,24.59422654,
8069,21,0.021,0.168,0.884571429,7.3,17.690584,
1000028,10,0.01,0.8,1.27,7.35,176.90584,
6444,22,0.022,0.053,1.348,7.35,5.327278136,
8297,16,0.016,0.104,1.224,7.39,14.3735995,
7625,11,0.011,0.249,1.204,7.5,50.05631155,
8476,20,0.02,0.083,1.014,7.585,9.17699045,
7174,12,0.012,0.224,1.05,7.6,41.27802933,
8258,36,0.036,0.116,1.372,7.6,7.125374111,
7295,7,0.007,0.125,0.6112,7.65,39.48791071,
7988,5.6,0.0056,0.078,3.8,7.765,30.80057036,
8546,8,0.008,0.266,1.59,7.9,73.52648975,
6690,14,0.014,0.181,0.604,8.1075,28.58924736,
7713,16,0.016,0.041,0.742,8.19,5.666515188,
7430,9,0.009,0.18,1.012,8.23,44.22646,
6694,10,0.01,0.218,0.912727273,8.4,48.2068414,
8410,8,0.008,0.305,0.908,8.5,84.30668938,
8779,4.1,0.0041,0.0668,0.8,8.515,36.02838449,
8483,4.9,0.0049,0.435,2.2,8.78,196.3113276,
1000148,21,0.021,0.218,1.045,8.8,22.95563876,
7383,42,0.042,0.063,0.524,8.875,3.3169845,
7367,6,0.006,0.114,0.56,9.055,42.015137,
7412,9,0.009,0.051,0.384,9.1,12.53083033,
7096,5,0.005,0.216,0.912,9.32,95.5291536,
6559,62.6,0.0626,0.0626,1.4,9.605,2.211323,
7479,13,0.013,0.038,0.717714286,9.9,6.463867231,
8007,9,0.009,0.055,0.6656,10,13.51364056,
7366,4.1,0.0041,0.152,1.4,10.2,81.98075512,
7322,5,0.005,0.398,1.16,10.4,176.0213108,
7172,11,0.011,0.074,0.493,10.5,14.87617291,
7916,4.1,0.0041,0.322,0.2,10.59,173.6697576,
7925,8,0.008,0.029,0.338,11.545,8.016045875,
7478,9,0.009,0.033,0.248171429,11.6,8.108184333,
7499,12,0.012,0.05,0.54,11.875,9.213845833,
6279,14.8,0.0148,0.265,0.8,12.3,39.5946348,
8130,10,0.01,0.113,0.684,12.36,24.9879499,
1000049,62,0.062,0.016,0.997894737,16.4,0.570664,
7918,9,0.009,0.029,0.1216,27.95,7.125374111,
6318,834,0.834,2.8,74.2,28,7.424105995,
1000001,22,0.022,0.396,3.944,NA,39.803814,
1000013,18,0.018,0.261,0.952,NA,32.0641835,
6320,71,0.071,1.204,0.05,NA,37.49905482,
6393,129,0.129,0.991,49.76,NA,16.98776041,
6991,22,0.022,0.106,0.519,NA,10.65455627,
7262,5,0.005,0.47,2.48,NA,207.864362,
8250,738,0.738,3.55,57.6,NA,10.63712283,
8426,25,0.025,1.33,15.9,NA,117.6423836,
8631,42,0.042,0.091,0.602666667,NA,4.791199833,
